year,runtime,director_count,star_count,rating_class
2022,161,3,1,3
2022,192,2,8,3
2022,139,1,4,3
2022,100,1,1,2
2022,127,4,5,3
2022,130,5,17,4
2018,134,3,4,3
2022,176,4,1,3
2009,162,2,8,3
2022,125,7,20,3
2022,147,2,8,2
2012,142,3,5,3
2022,139,1,2,3
2022,137,1,5,3
2021,155,3,1,3
2022,107,1,27,3
2022,135,2,1,3
2022,187,1,2,3
2001,178,4,5,4
2022,118,2,12,3
2008,152,6,9,4
2010,148,6,3,4
2021,148,3,6,4
2000,155,7,10,4
2019,181,5,9,4
2022,102,3,6,2
2014,101,3,9,3
2019,113,8,6,3
2017,164,3,5,3
2021,143,6,16,2
2022,112,3,2,3
2022,95,1,15,2
2021,92,2,1,3
2022,122,5,3,3
2010,112,4,2,3
2001,106,7,16,3
2021,163,1,9,3
2022,116,6,6,3
2020,150,6,1,3
2021,132,4,2,3
2017,106,6,1,3
2017,141,6,2,3
2015,117,2,2,3
2014,113,7,17,3
2003,201,4,5,4
2022,112,1,5,3
2013,146,6,5,3
2021,106,13,16,2
2019,152,5,10,4
2021,131,6,1,3
2022,126,4,2,3
2022,93,5,1,2
2021,156,1,1,3
2014,121,4,8,3
2022,100,1,1,3
2015,120,1,6,4
2019,97,1,3,2
2021,115,3,12,3
2022,147,4,1,2
2019,119,3,1,4
2015,121,3,1,3
2016,123,7,9,2
2018,149,5,9,4
2020,151,2,2,2
2018,119,4,12,3
2014,129,6,2,3
2003,143,5,10,4
2022,94,1,10,2
2018,118,2,2,3
2019,130,3,9,3
2002,179,4,5,4
2011,100,4,3,3
2012,164,6,9,4
2018,147,4,17,3
2017,116,1,20,2
2016,133,2,2,3
2022,125,1,2,2
2015,116,8,6,3
2021,119,8,20,3
2018,117,1,2,4
2018,140,7,3,3
2007,138,3,5,3
2018,140,6,5,3
2002,121,4,3,3
2022,129,2,2,3
2014,134,7,5,3
2017,122,3,9,3
2021,242,11,6,3
2013,124,5,17,3
2006,144,8,9,3
2022,132,13,9,3
2017,113,4,1,3
2004,124,8,5,3
2022,136,12,6,3
2016,108,2,12,3
2005,116,7,17,3
2013,143,11,6,3
2011,124,3,5,3
2017,137,5,7,4
2019,125,3,10,3
2022,130,8,3,2
2019,132,1,1,3
2006,117,11,15,3
2006,139,1,1,3
2021,148,5,9,2
2019,95,1,1,3
2019,141,6,3,3
2005,140,6,9,4
2009,153,3,5,3
2014,132,13,11,3
2022,107,2,1,3
2021,152,7,10,3
2019,104,2,1,2
2012,109,3,1,3
2021,134,1,4,3
2021,132,1,1,3
2003,111,3,3,4
2015,156,1,3,3
2014,139,1,4,3
2015,133,3,3,3
2006,85,2,7,3
2012,143,3,9,3
2007,144,12,5,3
2004,131,4,27,3
2015,138,6,3,3
2007,124,13,16,3
2022,104,3,2,2
2020,123,2,2,3
2008,126,4,9,3
2014,113,3,5,3
2012,130,4,17,3
2008,92,1,3,3
2009,158,8,8,2
2015,137,6,5,3
2015,137,3,16,3
2002,145,7,17,3
2019,121,3,15,3
2009,107,6,16,3
2021,118,3,20,3
2022,106,3,12,3
2013,116,3,5,3
2022,106,5,12,2
2022,114,8,16,2
2010,125,5,2,3
2016,128,3,10,3
2018,128,1,8,3
2009,162,11,1,3
2017,130,2,12,3
2017,141,2,2,3
2005,144,7,3,3
2008,107,2,2,3
2016,116,3,10,3
2019,122,12,1,3
2018,143,3,4,3
2022,147,6,3,3
2019,137,4,20,3
2001,122,13,11,3
2016,151,11,10,3
2018,110,3,5,3
2017,133,3,6,3
2017,136,4,8,3
2017,119,2,20,3
2020,109,1,5,3
2021,139,1,2,3
2014,123,6,5,3
2017,154,12,16,2
2015,124,2,8,3
2018,140,1,15,3
2017,136,5,16,3
2015,141,3,9,3
2011,115,2,12,3
2001,144,7,4,3
2008,106,3,9,3
2000,104,6,8,3
2012,143,3,9,3
2013,131,8,7,3
2010,117,6,5,3
2001,132,1,3,3
2004,115,4,2,3
2019,128,12,12,3
2015,131,4,17,3
2020,119,3,15,3
2020,109,1,2,2
2022,105,1,20,3
2016,147,5,5,3
2022,122,2,3,3
2003,107,4,8,2
2016,118,2,1,3
2021,148,11,5,2
2004,101,11,1,3
2017,120,11,10,3
2013,104,2,3,2
2019,128,2,1,3
2011,140,3,6,4
2017,115,2,5,3
2009,127,6,8,3
2017,129,4,10,3
2018,130,1,3,3
2022,113,1,5,3
2005,121,6,9,3
2019,123,1,1,3
2001,183,12,10,3
2013,119,13,15,3
2005,132,4,2,4
2001,130,3,4,3
2021,110,1,2,2
2016,144,12,1,3
2004,115,3,9,3
2011,130,6,16,3
2017,152,3,3,3
2011,109,2,1,3
2005,140,2,5,3
2014,97,3,6,3
2003,121,4,6,3
2009,109,5,15,3
2006,104,6,1,2
2011,132,4,17,3
2009,88,6,5,3
2020,94,1,1,2
2003,147,12,9,3
2010,98,3,3,4
2022,102,3,14,2
2011,119,4,9,2
2018,121,13,11,3
2010,103,2,1,1
2013,126,1,5,3
2022,110,4,3,2
2021,113,2,5,3
2018,113,4,20,2
2008,85,4,2,3
2018,135,6,1,3
2006,109,1,1,3
2015,148,3,9,3
2020,124,2,9,3
2008,90,4,16,3
2020,116,1,12,3
2016,115,2,2,3
2018,119,2,1,3
2013,130,3,9,3
2013,119,4,16,3
2002,119,7,1,3
2020,125,2,4,3
2007,100,2,4,3
2021,138,2,8,3
2022,105,1,5,3
2021,100,4,12,3
2018,121,2,15,3
2016,144,6,5,3
2012,106,2,9,3
2007,139,4,3,3
2017,136,4,2,3
2022,87,7,1,1
2003,109,4,6,3
2011,112,6,1,3
2004,105,6,9,3
2007,101,6,9,3
2022,104,2,16,2
2006,83,1,3,2
2018,100,1,1,3
2019,118,4,1,3
2021,99,1,1,3
2008,122,7,5,3
2004,146,6,11,3
2014,136,5,5,3
2009,128,8,9,3
2005,120,7,5,3
2005,96,1,3,3
2021,97,1,6,2
2019,129,3,6,3
2006,151,5,10,3
2017,110,1,17,2
2015,114,4,20,3
2020,91,1,5,3
2010,107,1,3,3
2018,122,2,1,3
2013,130,6,16,3
2013,121,10,16,3
2012,136,2,2,3
2005,187,4,1,3
2018,118,4,2,3
2019,123,2,20,3
2014,137,1,2,3
2002,142,2,5,3
2014,133,6,1,3
2018,112,6,6,3
2016,122,6,8,3
2016,107,3,20,3
2009,112,3,4,3
2016,127,3,1,2
2020,96,1,2,2
2020,95,7,1,2
2006,102,3,14,3
2003,154,3,17,3
2007,121,4,3,3
2019,99,2,2,3
2022,103,1,8,2
2019,118,1,5,2
2010,111,5,28,3
2016,118,3,17,3
2000,123,4,17,3
2020,95,1,5,2
2022,102,2,1,2
2019,138,8,2,3
2004,120,4,17,3
2020,115,1,1,2
2019,113,2,5,2
2017,126,8,1,3
2020,90,1,1,3
2011,131,6,5,3
2002,131,3,6,3
2002,88,2,2,3
2015,120,4,6,3
2014,100,3,8,3
2021,107,3,1,3
2008,112,6,1,3
2008,110,4,5,3
2021,127,7,20,3
2010,118,2,11,3
2013,123,6,1,4
2003,138,1,10,3
2011,136,1,10,3
2016,132,13,11,3
2004,137,3,3,3
2016,129,5,5,3
2014,89,4,4,3
2000,109,4,2,3
2014,165,12,16,2
2003,111,5,1,3
2013,131,4,4,3
2008,112,7,4,2
2018,100,1,1,3
2018,114,2,1,3
2019,119,2,16,3
2016,103,1,10,2
2017,115,7,17,3
2015,121,5,3,3
2006,126,6,17,3
2002,100,9,9,3
2004,131,3,7,2
2021,107,1,3,2
2012,131,10,5,2
2006,97,7,1,2
2014,98,6,20,2
2000,165,8,7,3
2011,110,2,6,2
2010,98,1,20,3
2014,132,6,8,3
2009,95,5,15,2
2010,124,4,9,3
2010,100,2,2,2
2007,169,5,10,3
2020,109,1,16,2
2011,93,2,6,3
2017,118,2,7,3
2015,105,1,3,2
2006,154,6,2,3
2009,121,3,27,3
2004,119,4,16,3
2014,102,3,1,3
2010,140,7,10,3
2017,115,4,4,3
2020,100,12,1,2
2016,101,2,2,2
2022,86,6,6,2
2017,109,1,15,2
2020,99,2,1,3
2015,124,13,6,3
2001,88,12,3,2
2017,95,1,4,2
2012,119,3,3,3
2022,92,3,28,1
2014,112,3,7,3
2007,122,5,10,3
2016,95,1,3,3
2018,121,1,27,3
2013,109,1,16,3
2006,122,2,8,3
2010,116,1,16,3
2011,104,2,27,2
2001,119,1,16,2
2021,106,2,1,3
2011,107,7,2,3
2008,114,8,15,3
2018,101,4,2,3
2007,128,4,28,3
2008,112,3,6,2
2015,126,2,6,3
2019,120,4,2,2
2005,100,2,3,3
2013,134,7,5,3
2016,99,3,15,2
2018,116,1,2,2
2012,93,1,12,2
2004,127,4,3,3
2013,116,1,9,3
2014,92,1,1,3
2021,121,5,1,2
2001,95,1,1,3
2018,128,1,1,3
2012,132,1,2,3
2001,106,4,2,3
2009,107,3,7,3
2012,84,2,2,3
2003,117,2,9,2
2008,111,2,2,3
2012,131,2,5,3
2018,121,1,8,3
2015,114,1,1,2
2013,128,1,9,3
2019,125,1,1,3
2005,119,3,1,3
2018,102,2,1,2
2016,123,7,10,3
2017,124,1,1,2
2011,111,3,2,3
2011,110,11,1,2
2008,137,3,9,3
2022,104,3,2,2
2014,102,1,1,3
2014,142,2,2,3
2002,124,7,16,2
2011,154,12,5,3
2012,109,7,6,3
2013,109,3,10,3
2004,175,2,5,2
2022,122,2,2,2
2003,110,1,1,2
2003,134,6,8,3
2021,103,1,1,2
2009,149,12,5,2
2016,123,2,3,3
2011,90,2,3,3
2021,118,1,3,3
2002,107,2,9,3
2016,107,10,16,3
2013,112,2,12,3
2017,118,4,12,3
2009,118,3,5,2
2013,126,5,7,3
2019,104,3,3,3
2010,95,1,3,3
2018,130,1,12,3
2017,118,1,1,3
2015,131,3,5,3
2014,101,3,5,2
2015,100,2,1,2
2018,107,3,1,2
2002,133,3,6,3
2020,111,10,16,3
2018,75,1,1,2
2010,124,2,5,2
2009,85,2,1,1
2019,89,2,14,3
2018,143,3,5,3
2012,115,3,11,3
2021,107,4,15,3
2014,123,2,5,3
2003,138,5,9,3
2004,122,4,4,3
2015,130,4,3,3
2007,105,12,1,3
2006,108,4,2,3
2004,108,7,10,3
2019,104,2,12,3
2005,164,7,3,3
2021,109,2,3,2
2005,109,4,16,3
2016,92,1,1,2
2010,103,3,14,3
2013,100,2,1,2
2000,118,4,27,3
2016,121,6,5,3
2010,106,6,8,2
2017,107,2,4,3
2014,112,1,6,3
2013,132,6,8,3
2014,138,1,10,2
2016,110,3,5,3
2006,126,6,11,3
2004,124,2,8,3
2022,98,1,2,2
2007,124,4,27,3
2019,99,6,1,3
2011,110,9,1,2
2012,118,4,5,3
2019,113,1,4,3
2007,110,3,27,2
2016,124,2,5,3
2000,130,2,3,3
2013,114,3,5,3
2001,131,2,2,3
2015,133,4,12,2
2003,135,1,5,2
2012,95,2,4,3
2009,140,4,9,3
2021,114,1,1,2
2015,119,5,4,3
2011,114,8,12,2
2009,94,2,3,3
2020,103,9,9,2
2021,100,1,5,2
2001,100,8,5,2
2005,95,1,16,2
2010,140,4,20,3
2022,91,2,1,3
2009,138,6,5,3
2000,109,1,5,3
2014,102,2,5,3
2016,108,1,1,2
2014,100,2,2,3
2011,127,3,7,3
2013,96,5,12,2
2005,136,12,4,3
2009,115,5,9,3
2016,115,2,3,2
2022,95,1,3,1
2003,138,3,3,2
2011,113,2,4,2
2008,92,3,14,3
2006,104,1,2,2
2008,150,1,2,3
2013,117,4,5,3
2003,103,3,10,2
2016,120,5,4,2
2004,126,13,5,3
2011,105,2,6,3
2008,88,7,5,3
2019,132,1,1,2
2021,109,7,6,2
2006,104,6,8,3
2002,124,1,10,3
2014,102,3,3,3
2019,99,1,4,3
2015,103,1,1,3
2008,92,4,6,3
2010,98,6,11,3
2015,122,6,12,3
2014,126,4,14,3
2002,138,1,7,3
2001,92,3,2,2
2006,135,6,4,3
2012,103,5,3,3
2011,101,3,4,3
2004,98,1,1,3
2016,83,6,1,3
2017,104,2,2,3
2021,91,1,6,2
2007,115,7,10,3
2012,127,2,5,3
2010,116,1,6,3
2008,92,10,9,3
2011,107,5,10,3
2016,117,4,6,3
2009,89,4,28,3
2013,130,4,1,2
2023,106,2,1,2
2005,124,2,6,2
2019,98,2,5,3
2018,125,1,1,3
2021,88,2,2,2
2004,119,1,1,3
2021,104,1,1,2
2002,94,1,1,3
2011,129,8,9,3
2018,94,10,16,3
2018,159,2,7,3
2020,90,1,10,2
2018,115,1,1,3
2017,140,4,1,3
2014,130,4,1,3
2015,106,2,16,2
2008,93,1,4,2
2007,100,1,1,3
2014,150,7,9,2
2022,94,1,1,2
2013,114,6,3,3
2016,129,1,10,3
2005,106,6,2,2
2018,107,4,20,3
2014,105,2,8,3
2007,113,2,4,3
2016,112,1,5,2
2006,88,5,20,3
2008,75,2,1,2
2022,110,2,1,3
2016,118,1,1,2
2015,111,2,1,2
2022,101,2,2,2
2002,92,3,20,2
2022,97,1,1,3
2008,128,7,3,3
2010,117,4,16,3
2016,120,8,3,2
2022,95,5,2,1
2016,86,7,2,3
2000,98,5,1,2
2008,113,2,4,3
2002,92,6,20,3
2020,113,3,5,2
2014,117,3,4,3
2013,88,3,4,3
2007,191,12,3,3
2000,124,8,1,2
2007,99,2,1,3
2013,110,5,20,2
2013,109,5,11,3
2004,86,2,20,3
2017,100,1,1,2
2000,112,1,4,2
2015,93,3,6,3
2016,92,1,3,2
2017,88,4,10,2
2010,105,1,3,3
2001,112,1,1,3
2017,111,1,5,3
2004,101,9,1,2
2003,139,1,4,3
2014,106,7,16,3
2020,92,1,1,2
2010,109,5,17,3
2021,109,8,1,3
2009,108,1,5,3
2019,114,5,12,2
2022,110,2,1,1
2009,106,6,11,3
2013,129,12,16,3
2013,115,2,14,3
2010,107,2,2,3
2013,103,2,5,3
2011,113,7,16,3
2020,118,7,5,3
2002,117,4,9,3
2013,101,2,4,3
2004,113,1,9,2
2007,100,1,3,2
2015,120,3,4,3
2006,87,2,1,2
2016,115,1,1,3
2018,100,1,4,3
2006,132,4,5,2
2017,134,5,3,3
2018,110,3,1,3
2021,98,1,3,2
2016,113,1,4,3
2018,96,5,4,3
2010,100,2,5,3
2004,118,10,2,3
2017,90,4,2,2
2007,103,1,7,3
2016,111,1,1,3
2014,119,1,10,3
2013,109,4,3,3
2015,127,5,7,2
2019,123,3,5,3
2012,135,1,4,3
2017,107,3,16,2
2016,92,1,4,3
2010,133,1,10,3
2022,97,6,28,1
2010,107,1,1,3
2016,112,1,3,2
2007,115,2,3,3
2020,93,2,1,2
2021,86,1,2,3
2005,93,12,1,1
2014,110,1,27,1
2000,114,1,1,3
2012,103,8,14,3
2011,88,2,2,3
2010,105,1,16,3
2008,118,3,5,3
2008,113,2,3,2
2008,105,9,20,3
2022,96,7,28,1
2018,98,1,6,2
2021,94,7,6,2
2005,111,8,20,3
2017,132,2,2,3
2022,105,6,28,1
2008,115,1,6,3
2008,106,5,10,3
2014,132,1,2,3
2003,102,12,10,3
2003,94,1,2,2
2006,139,2,4,3
2022,90,1,10,2
2014,125,3,2,3
2002,101,2,6,3
2012,91,1,1,0
2021,108,1,1,2
2011,104,6,3,3
2009,79,1,5,3
2013,116,1,28,3
2022,97,1,1,2
2008,96,2,3,3
2022,84,2,4,2
2019,98,1,1,3
2016,97,1,3,3
2014,118,2,3,3
2014,105,9,2,2
2003,84,12,1,2
2012,102,2,8,3
2019,87,1,3,3
2003,129,5,9,3
2011,117,4,16,3
2018,123,1,1,3
2010,103,1,10,2
2008,120,4,4,3
2011,93,8,20,3
2018,91,1,2,3
2010,96,4,1,3
2014,150,3,4,3
2015,95,2,1,3
2005,95,1,1,3
2013,100,1,20,3
2005,93,2,4,2
2002,105,4,2,3
2013,113,6,2,3
2004,94,1,9,3
2014,104,2,1,2
2003,97,3,2,2
2021,109,2,16,2
2018,111,1,2,2
2007,96,3,27,3
2005,110,7,8,2
2012,97,1,7,3
2001,90,6,20,3
2016,96,3,1,3
2002,116,1,8,3
2014,102,1,2,2
2003,104,10,20,3
2005,115,1,5,2
2015,102,3,1,3
2005,129,8,10,2
2016,114,2,12,3
2013,150,5,10,3
2018,104,2,1,2
2011,89,12,1,1
2011,111,2,4,3
2009,134,6,3,3
2011,83,6,5,3
2012,105,2,3,3
2015,92,8,20,2
2013,112,3,20,3
2005,101,4,3,3
2021,110,1,4,2
2008,135,5,6,2
2001,124,1,6,3
2003,116,2,8,2
2017,108,1,1,3
2010,109,4,27,3
2017,113,8,1,3
2020,83,1,3,2
2000,99,2,15,2
2010,100,1,2,2
2008,109,8,4,2
2014,104,1,1,3
2021,124,1,1,2
2019,107,2,8,3
2009,90,2,2,3
2019,102,1,1,3
2022,107,1,1,2
2011,146,7,1,3
2006,141,6,1,3
2010,97,1,4,3
2020,100,1,7,2
2000,107,2,3,1
2013,90,4,3,2
2006,106,4,6,3
2021,94,1,2,2
2018,104,7,16,3
2016,92,3,8,2
2012,94,4,3,2
2006,105,2,9,2
2001,99,4,8,3
2013,98,4,28,2
2017,161,2,6,2
2016,98,2,20,2
2022,98,3,6,2
2008,110,2,1,3
2015,105,2,1,3
2003,121,13,28,3
2010,110,3,1,2
2013,125,2,4,2
2005,118,1,10,2
2010,102,1,3,3
2022,94,5,3,2
2002,96,3,5,2
2019,108,3,1,3
2014,114,1,16,3
2007,94,2,2,2
2022,89,1,2,2
2004,120,2,20,2
2016,117,1,8,3
2016,107,9,9,2
2021,106,2,6,2
2015,96,2,4,3
2008,105,4,2,2
2003,117,1,5,2
2012,92,5,16,3
2022,98,7,5,2
2000,99,1,3,2
2019,117,3,9,2
2018,95,1,1,2
2015,90,2,10,2
2019,120,2,1,3
2008,109,7,9,3
2009,92,1,2,3
2001,97,2,1,3
2014,103,2,5,3
2013,107,12,16,2
2018,103,7,2,2
2005,105,7,4,2
2016,120,1,1,3
2013,97,1,5,3
2015,93,1,3,3
2020,99,2,5,3
2016,133,10,16,3
2021,141,1,2,3
2003,88,2,3,2
2017,120,2,3,3
2003,106,5,1,2
2016,91,2,6,2
2012,95,9,9,2
2009,98,3,6,3
2021,99,2,6,2
2016,182,11,1,3
2007,94,3,9,3
2009,94,2,3,3
2011,108,5,1,3
2016,133,1,2,2
2014,117,5,4,3
2005,87,6,20,3
2003,119,4,10,3
2001,126,6,3,3
2000,118,2,8,1
2022,92,1,1,2
2013,107,1,6,3
2016,120,1,1,3
2014,109,7,6,2
2015,96,1,2,2
2005,97,2,2,2
2009,102,1,3,2
2013,118,2,20,3
2022,96,1,2,2
2011,116,1,20,3
2006,98,2,1,2
2000,116,4,6,3
2016,161,1,4,4
2014,108,5,16,2
2022,90,1,1,1
2007,91,6,20,3
2020,103,1,1,3
2007,92,6,2,2
2012,105,4,2,2
2009,96,5,20,3
2014,89,2,1,2
2018,94,1,2,3
2013,102,2,2,3
2001,92,4,2,2
2018,117,1,1,2
2009,93,4,3,2
2005,103,6,7,3
2008,95,1,8,2
2003,115,3,1,3
2006,111,7,1,3
2022,93,1,3,2
2019,109,2,1,2
2009,84,1,6,3
2011,116,3,5,2
2014,91,1,2,2
2017,101,1,20,2
2001,98,3,7,3
2016,123,4,2,2
2015,96,1,5,3
2022,112,1,1,2
2000,99,4,9,2
2018,108,1,1,2
2010,96,9,9,2
2019,111,6,9,3
2005,106,5,20,3
2002,101,5,8,3
2022,90,1,6,3
2001,95,1,2,3
2021,78,3,1,3
2004,97,6,2,2
2018,102,3,20,2
2001,131,3,3,3
2019,105,4,2,2
2011,106,4,2,2
2007,105,1,2,3
2018,109,1,1,3
2004,104,1,3,1
2019,102,1,1,3
2020,116,2,1,2
2017,88,7,5,3
2020,99,2,16,2
2004,97,6,6,3
2016,107,1,1,3
2000,130,6,2,3
2020,102,2,2,1
2021,110,1,1,2
2014,88,2,5,2
2018,91,1,6,2
2010,104,2,1,3
2021,123,1,1,3
2012,93,2,1,2
2019,93,1,5,3
2008,104,5,20,2
2016,108,2,5,2
2010,97,4,3,3
2018,96,2,2,3
2016,101,2,4,3
2005,113,2,28,3
2022,120,1,1,2
2011,96,5,27,2
2005,121,7,1,2
2019,87,14,15,3
2016,102,2,1,3
2019,97,1,3,3
2006,108,2,1,3
2016,107,8,28,2
2012,132,1,6,2
2002,99,2,3,2
2011,102,2,1,2
2012,94,1,20,3
2008,100,4,16,2
2002,100,12,3,2
2009,111,1,4,3
2019,120,2,1,2
2020,93,1,2,3
2001,116,7,14,2
2013,100,1,20,3
2003,87,3,3,3
2018,107,1,28,3
2021,108,1,2,2
2022,96,1,28,1
2022,91,9,1,2
2019,104,1,5,3
2014,99,6,4,3
2021,99,4,5,2
2001,109,2,2,3
2011,129,3,15,3
2008,103,2,1,2
2007,127,16,20,1
2007,101,1,2,2
2010,119,3,1,3
2012,91,1,2,2
2014,99,1,2,3
2016,88,4,7,3
2010,117,8,7,3
2000,115,7,7,3
2019,118,2,3,3
2022,130,1,1,1
2000,94,1,10,3
2016,105,1,1,2
2015,107,2,10,2
2022,88,5,3,3
2011,93,2,4,2
2001,129,5,1,3
2007,86,1,5,3
2009,118,1,5,3
2019,100,1,2,3
2018,121,2,1,3
2022,96,1,15,2
2005,95,16,2,1
2018,89,1,3,3
2009,91,1,3,2
2021,114,2,2,2
2012,99,3,8,2
2017,95,2,3,2
2007,99,2,4,2
2019,107,5,10,3
2015,96,4,9,2
2020,93,1,1,2
2007,110,10,5,3
2022,92,14,28,2
2009,84,1,8,2
2022,88,1,1,1
2012,82,2,2,3
2004,91,1,1,2
2016,98,1,8,2
2008,103,1,2,2
2018,117,1,2,3
2008,104,1,20,3
2014,92,1,3,3
2019,115,1,1,2
2004,94,2,1,3
2003,105,5,5,3
2005,109,4,6,3
2018,96,8,14,1
2000,106,1,4,2
2016,88,4,1,2
2000,110,2,20,3
2017,86,3,1,3
2004,106,1,1,3
2013,106,3,3,3
2015,115,4,2,2
2012,91,2,3,3
2014,108,7,4,2
2017,89,1,3,3
2007,113,2,6,2
2019,109,1,1,3
2020,106,2,6,2
2012,93,1,1,2
2011,110,3,3,2
2017,87,5,10,2
2008,115,1,1,3
2017,137,2,2,3
2022,109,1,1,3
2010,102,2,1,3
2012,88,1,6,3
2011,87,2,2,2
2004,113,4,5,3
2017,87,1,1,3
2001,87,2,7,2
2002,97,1,1,3
2019,95,3,2,2
2016,100,2,1,3
2011,100,1,2,3
2016,113,3,1,3
2007,105,3,4,3
2007,115,3,1,3
2005,127,6,1,2
2006,93,4,1,2
2011,101,1,3,3
2009,98,2,20,2
2003,109,5,16,2
2003,102,4,3,2
2000,96,1,2,2
2011,95,2,1,3
2014,103,1,5,3
2004,136,3,3,3
2009,92,4,1,2
2017,93,2,5,2
2017,98,1,2,3
2015,114,7,16,3
2012,125,1,12,2
2016,139,3,6,3
2018,72,1,1,2
2019,99,1,1,2
2006,247,3,3,4
2002,81,1,1,3
2018,97,1,1,2
2010,97,11,2,3
2001,98,1,3,2
2015,117,2,12,3
2007,122,2,2,3
2007,87,3,8,3
2018,96,1,4,2
2012,110,1,1,3
2022,118,2,1,3
2007,90,1,1,2
2015,86,1,1,2
2018,156,1,1,4
2009,99,4,1,3
2000,123,1,6,2
2012,101,7,2,2
2008,114,3,1,3
2018,94,1,4,2
2011,88,4,1,3
2012,95,2,10,2
2014,108,3,6,3
2010,115,7,10,3
2019,104,1,1,2
2010,111,1,2,3
2016,76,6,2,3
2003,98,2,8,3
2021,141,1,1,2
2011,89,1,6,2
2006,125,3,6,3
2022,97,1,2,1
2005,116,7,9,3
2014,99,7,5,2
2016,95,1,1,3
2014,101,1,1,2
2019,124,2,1,2
2017,86,1,2,3
2021,96,2,8,2
2015,92,1,1,2
2002,95,1,3,1
2008,90,2,5,3
2015,87,1,3,2
2016,91,2,4,3
2011,119,1,2,2
2011,97,1,20,3
2000,104,1,10,2
2001,82,1,1,2
2011,95,4,27,2
2019,97,3,14,2
2004,84,1,1,2
2018,91,2,2,3
2003,89,1,1,2
2010,94,2,4,1
2015,90,1,1,2
2016,93,1,2,2
2011,86,1,1,3
2012,100,1,1,3
2011,107,2,3,2
2022,87,1,1,1
2021,96,3,15,2
2014,92,2,5,2
2007,93,1,7,2
2012,118,4,1,3
2017,91,4,8,2
2021,88,6,5,1
2017,97,1,1,3
2010,107,4,28,2
2021,87,1,1,1
2008,90,1,16,2
2014,108,3,1,3
2009,132,13,2,3
2020,134,1,1,2
2011,107,1,4,2
2009,129,2,2,3
2022,88,4,10,1
2009,103,1,1,3
2010,118,1,1,3
2010,92,4,8,3
2018,105,14,15,3
2006,104,3,7,3
2002,86,1,2,2
2009,108,7,3,2
2020,123,2,2,2
2009,93,1,6,3
2009,96,7,1,1
2021,99,4,6,1
2021,92,1,1,2
2002,108,2,6,2
2021,91,4,3,1
2020,115,1,1,2
2016,107,3,1,3
2010,94,2,20,2
2017,94,1,2,3
2019,99,2,4,2
2008,98,1,1,2
2016,104,2,2,2
2011,114,2,7,3
2017,92,1,1,2
2009,88,1,2,2
2021,85,3,3,3
2009,102,1,1,3
2020,92,1,1,1
2021,97,3,1,1
2006,93,2,12,2
2012,100,1,5,2
2011,121,3,1,3
2018,86,1,28,2
2019,131,1,1,3
2011,99,1,1,2
2012,94,1,2,2
2020,91,1,6,2
2001,87,1,3,2
2022,89,1,1,1
2014,110,2,9,2
2007,117,1,2,3
2012,104,1,1,3
2010,92,2,2,2
2011,148,1,1,3
2018,104,3,3,2
2022,105,1,3,1
2014,109,1,10,2
2017,116,1,3,3
2014,90,1,6,2
2022,96,5,3,1
2020,105,5,5,2
2001,125,2,3,2
2005,101,3,4,2
2016,107,7,20,2
2007,84,1,1,2
2005,132,2,1,3
2021,120,1,3,2
2019,89,4,5,1
2019,88,4,4,2
2002,134,4,27,3
2022,153,2,1,4
2002,110,6,2,3
2017,90,1,1,2
2002,105,4,2,3
2003,114,1,20,3
2022,95,1,3,2
2012,96,2,7,3
2022,105,1,1,2
2017,107,4,20,2
2000,119,4,4,3
2016,102,6,4,2
2013,94,3,3,2
2002,132,1,3,3
2002,98,1,20,2
2013,110,3,3,3
2012,93,2,6,2
2019,98,8,5,2
2005,96,16,7,1
2016,128,3,27,2
2020,93,3,2,3
2001,101,7,16,2
2003,90,16,1,1
2013,86,3,4,2
2016,96,2,10,3
2022,92,1,1,2
2016,80,1,8,3
2018,104,1,1,2
2002,94,3,9,3
2008,186,1,4,3
2001,95,1,1,2
2022,82,2,1,3
2015,94,2,3,2
2014,92,3,1,2
2017,111,1,2,3
2009,118,1,8,3
2007,100,16,1,2
2014,93,3,1,3
2014,97,4,2,2
2021,84,1,3,3
2017,116,1,2,3
2007,119,5,1,3
2010,90,1,1,2
2015,96,1,1,2
2009,86,1,1,2
2010,108,5,10,3
2006,84,1,2,2
2009,105,3,7,2
2016,81,2,2,2
2018,111,1,1,3
2015,110,1,1,3
2006,93,1,2,2
2021,97,1,1,3
2016,95,3,2,2
2014,85,1,1,2
2015,127,3,20,2
2010,81,1,3,2
2010,98,1,1,3
2015,104,2,2,3
2008,113,4,3,3
2015,97,4,8,2
2014,153,1,7,2
2017,109,1,20,2
2019,102,1,6,2
2019,85,5,16,1
2012,92,3,14,2
2012,95,1,5,2
2018,102,1,8,2
2006,115,1,6,3
2000,110,1,1,3
2018,84,1,1,3
2018,116,1,1,2
2006,92,1,3,2
2016,102,2,4,3
2008,110,1,2,2
2011,108,3,1,2
2012,109,5,16,3
2021,93,6,3,1
2018,89,3,1,2
2016,104,1,6,3
2004,97,2,2,2
2013,90,1,1,3
2013,141,3,1,3
2022,93,1,5,1
2005,111,5,5,3
2019,89,1,2,2
2013,95,1,1,2
2018,96,3,1,2
2015,115,1,5,3
2013,127,1,5,3
2006,105,1,5,2
2020,104,1,2,2
2017,106,2,5,2
2014,93,8,2,2
2015,93,1,1,3
2010,92,2,3,2
2022,86,4,14,1
2012,98,1,2,3
2020,131,1,3,2
2004,80,1,6,2
2015,90,1,1,3
2012,94,1,1,2
2015,97,1,3,2
2021,168,3,3,3
2011,98,1,2,2
2010,149,1,1,3
2015,82,8,28,2
2019,93,2,1,2
2006,140,1,6,3
2001,106,1,3,3
2022,135,2,1,3
2015,96,2,2,2
2018,95,14,1,2
2013,118,1,5,3
2006,88,2,9,2
2014,116,2,1,3
2019,92,9,6,2
2001,93,3,9,3
2016,95,2,5,2
2022,78,1,1,2
2000,135,2,1,3
2019,93,1,3,3
2018,107,2,1,3
2015,84,1,2,3
2019,87,1,8,2
2002,98,2,2,1
2018,110,1,1,2
2004,95,2,1,2
2022,97,6,28,1
2019,103,1,27,2
2018,92,8,1,1
2003,116,1,5,2
2010,91,1,1,1
2020,113,2,1,2
2011,99,5,1,3
2011,79,16,1,1
2002,94,2,1,2
2020,107,4,20,2
2020,86,1,1,3
2009,113,2,2,3
2021,92,1,1,2
2019,96,14,5,2
2002,95,2,6,2
2003,110,1,3,3
2006,102,2,28,3
2019,91,3,27,2
2018,93,3,1,2
2014,90,2,8,2
2009,104,5,2,3
2015,105,5,10,3
2018,100,1,2,3
2017,108,1,1,3
2021,90,1,1,2
2019,89,1,1,2
2000,103,1,1,3
2022,106,1,28,2
2019,97,2,27,2
2009,101,4,6,2
2017,74,6,2,2
2017,99,1,1,3
2016,98,1,5,2
2015,112,1,1,2
2000,102,1,14,2
2021,87,3,3,3
2003,101,7,7,2
2014,88,1,1,1
2000,106,7,1,2
2001,111,1,1,2
2017,95,8,1,2
2013,103,1,5,3
2017,97,8,28,2
2022,102,2,1,2
2020,87,1,1,2
2004,91,1,5,2
2002,97,1,3,2
2021,91,6,28,1
2010,64,5,1,3
2017,95,1,5,2
2018,107,3,1,2
2018,86,3,27,2
2009,104,1,1,2
2014,94,4,2,2
2020,109,1,2,2
2001,81,1,1,2
2018,88,4,1,2
2022,90,1,2,1
2021,99,1,3,2
2009,109,1,1,2
2021,104,4,5,2
2019,89,8,1,1
2009,85,16,3,3
2004,115,1,2,3
2018,110,2,2,2
2010,124,3,4,3
2008,110,5,1,3
2022,95,3,6,1
2017,106,2,1,2
2008,150,1,1,3
2008,133,4,3,3
2019,96,5,1,1
2002,116,2,1,2
2012,97,1,2,2
2017,90,2,9,2
2020,97,2,2,2
2011,88,3,1,2
2018,78,6,2,3
2009,109,2,1,2
2020,91,3,5,1
2021,104,1,1,2
2020,128,3,2,2
2021,93,1,4,2
2010,100,1,4,3
2014,90,2,2,2
2022,137,1,1,1
2016,93,2,27,2
2008,118,1,2,3
2004,125,6,1,3
2001,94,3,5,2
2018,102,1,1,2
2019,92,1,17,2
2003,88,2,20,2
2008,118,4,2,3
2015,86,2,1,3
2012,92,1,5,3
2010,93,2,1,2
2000,87,2,6,2
2014,100,3,1,3
2022,96,1,6,2
2018,90,1,1,3
2005,103,2,1,2
2008,114,1,1,3
2016,84,9,16,1
2017,90,1,1,2
2015,96,1,4,2
2019,107,1,1,3
2018,106,1,1,2
2017,94,1,28,2
2005,80,1,1,2
2011,103,2,1,3
2020,80,2,2,3
2021,93,1,1,2
2001,108,3,4,3
2007,96,1,1,3
2020,97,14,15,2
2022,88,1,1,1
2016,106,1,16,2
2013,91,1,1,2
2013,112,2,8,2
2020,93,3,4,1
2000,88,1,4,2
2006,152,2,7,3
2021,88,3,1,2
2019,87,1,2,2
2008,160,2,1,3
2021,107,2,6,2
2016,100,3,24,2
2017,90,1,1,1
2018,88,1,6,1
2002,106,1,4,3
2013,85,1,1,3
2022,93,2,2,2
2011,105,1,1,3
2021,176,1,6,2
2013,95,1,1,2
2020,98,1,1,2
2014,94,1,5,2
2018,90,2,1,2
2019,125,1,1,2
2014,99,2,27,2
2021,101,1,1,2
2021,80,2,2,3
2020,97,6,1,2
2004,84,1,2,2
2012,96,8,27,2
2019,110,1,8,3
2016,118,2,4,3
2015,98,3,1,2
2006,91,1,2,2
2016,99,2,3,2
2016,170,2,6,3
2004,100,1,3,2
2018,104,1,17,2
2021,101,5,1,2
2020,90,5,28,1
2022,88,1,1,2
2021,97,4,1,1
2011,109,1,1,3
2001,120,3,6,3
2013,91,3,6,2
2020,104,1,1,3
2021,100,2,1,2
2016,108,5,1,2
2021,85,1,1,2
2009,86,5,15,2
2016,95,9,16,1
2020,108,1,2,3
2016,95,1,1,2
2013,90,2,6,2
2006,154,3,7,3
2009,107,1,1,3
2016,120,1,1,2
2014,95,1,1,2
2022,63,1,1,1
2019,82,1,1,2
2013,106,4,2,2
2012,109,1,20,2
2003,98,1,1,2
2018,101,2,1,2
2017,96,1,6,2
2004,123,7,20,3
2018,85,1,1,2
2012,90,1,16,2
2013,105,1,2,2
2017,89,5,1,2
2011,137,1,4,3
2019,100,1,5,1
2021,119,1,1,2
2016,90,1,28,2
2016,110,1,2,3
2019,87,6,1,3
2021,83,6,1,3
2021,91,3,1,1
2018,99,3,2,2
2013,89,4,4,2
2009,95,3,5,2
2021,81,1,1,1
2018,98,1,1,2
2014,90,2,1,2
2015,82,1,1,2
2012,114,4,17,2
2006,110,4,2,2
2013,94,1,5,2
2020,90,1,1,2
2016,99,1,3,2
2021,97,7,28,1
2015,96,1,2,3
2003,104,1,3,2
2019,97,8,1,2
2007,90,1,1,3
2021,94,2,3,1
2020,89,1,1,2
2019,130,1,1,3
2019,92,2,3,3
2016,90,7,5,2
2014,102,5,2,2
2008,84,1,1,2
2018,119,3,1,2
2009,93,1,1,2
2012,92,2,9,1
2005,110,3,1,2
2012,112,3,3,3
2017,92,1,1,1
2021,93,1,1,3
2008,106,1,1,3
2022,94,6,5,2
2013,110,1,1,3
2022,96,1,1,2
2018,114,1,1,3
2007,139,2,2,3
2012,89,1,1,2
2008,98,1,1,3
2022,86,1,1,1
2021,100,1,1,2
2013,122,1,2,3
2013,85,1,8,2
2022,84,7,2,2
2021,90,3,1,2
2021,112,1,1,2
2022,104,1,1,3
2022,94,1,1,2
2022,90,1,1,2
2013,172,2,4,2
2014,82,1,2,2
2017,88,3,5,2
2020,105,1,2,2
2017,93,2,6,2
2017,83,3,1,2
2017,110,1,1,1
2020,98,5,6,1
2008,95,16,2,1
2020,149,1,1,3
2016,86,3,1,2
2013,99,2,5,3
2022,93,5,3,2
2004,129,2,3,3
2003,98,2,17,3
2011,90,1,1,2
2016,99,1,1,2
2021,98,1,1,3
2009,76,1,2,2
2015,120,1,1,3
2008,111,1,8,2
2010,107,4,1,3
2015,96,8,8,2
2021,90,5,15,2
2011,90,3,7,2
2002,90,1,1,2
2014,92,3,4,2
2003,110,1,2,2
2017,93,3,1,2
2023,100,3,5,1
2020,97,1,7,2
2018,134,1,1,3
2018,89,8,28,2
2020,94,2,1,2
2018,89,2,2,1
2012,108,3,4,3
2004,106,2,4,3
2005,97,1,1,1
2014,103,5,6,2
2022,80,2,1,2
2021,93,1,1,2
2002,94,2,2,2
2022,90,1,1,2
2019,112,1,3,2
2009,114,1,1,3
2019,83,1,1,2
2021,93,4,2,1
2013,93,1,1,2
2006,97,1,2,2
2005,99,1,2,1
2006,96,1,8,2
2020,108,1,2,3
2014,92,2,27,2
2012,135,2,1,3
2005,95,1,1,2
2010,85,3,2,2
2020,117,1,1,3
2010,124,1,4,3
2001,104,3,1,2
2014,98,3,1,3
2018,89,1,5,1
2018,96,3,4,2
2000,82,2,2,2
2020,96,1,1,2
2022,99,3,1,1
2010,82,4,1,2
2013,81,1,2,2
2004,143,1,1,4
2021,117,1,1,3
2008,97,2,17,3
2021,101,1,1,2
2002,95,2,4,2
2016,100,3,2,2
2017,92,8,27,1
2014,96,2,24,2
2011,102,1,1,3
2020,87,1,1,2
2014,115,1,1,3
2013,99,16,7,2
2018,90,2,1,1
2011,103,1,1,2
2002,95,1,1,2
2012,89,3,1,2
2015,105,1,1,3
2019,108,1,6,2
2016,95,1,1,2
2010,88,1,1,3
2018,132,1,1,3
2007,95,2,1,1
2018,107,1,1,2
2011,130,2,1,3
2002,96,1,5,2
2016,107,1,1,2
2018,75,1,1,3
2021,112,2,1,3
2010,92,6,1,1
2013,95,1,17,2
2007,114,2,1,2
2022,87,2,1,1
2013,92,1,3,2
2015,94,4,3,2
2003,90,5,2,3
2020,101,1,2,2
2007,107,1,2,1
2014,135,2,2,3
2009,83,1,1,1
2009,97,4,24,2
2003,97,3,1,2
2021,94,14,1,2
2021,82,2,2,3
2015,118,1,6,2
2009,105,1,2,2
2011,113,1,1,3
2000,109,4,1,2
2001,87,2,20,2
2019,104,1,5,3
2011,105,3,27,3
2019,95,1,1,1
2017,93,1,1,3
2015,80,1,3,2
2016,97,2,3,3
2005,83,3,9,2
2010,117,1,4,3
2016,105,4,3,2
2001,117,1,2,3
2007,86,1,1,3
2014,94,2,27,2
2013,98,8,5,2
2018,99,3,1,2
2019,87,5,1,1
2002,98,3,2,2
2022,90,1,1,3
2018,89,2,1,2
2016,85,2,1,1
2021,101,1,1,1
2022,82,1,2,1
2009,134,3,4,3
2015,96,3,1,2
2016,94,3,1,2
2006,82,1,1,1
2014,119,1,1,2
2022,132,1,1,3
2022,103,1,1,2
2022,88,1,1,2
2021,82,7,3,1
2009,84,1,1,2
2022,88,1,1,1
2018,87,1,1,1
2007,121,5,1,3
2022,90,3,1,1
2008,107,1,8,2
2004,88,1,3,2
2019,77,6,1,3
2020,94,1,1,2
2016,86,9,16,1
2011,87,2,1,2
2001,94,2,3,2
2003,111,1,8,3
2020,101,1,15,2
2014,116,3,4,3
2023,100,1,3,2
2022,87,1,2,1
2008,99,2,27,2
2022,89,1,1,1
2015,90,1,5,2
2009,88,2,2,2
2020,98,3,1,1
2012,94,2,1,3
2013,92,1,3,2
2020,91,7,15,1
2004,93,1,2,2
2018,160,3,1,2
2000,117,2,9,2
2017,106,4,3,2
2015,104,5,17,2
2014,96,1,8,2
2009,91,1,1,2
2014,108,1,8,2
2007,97,3,8,2
2016,90,9,16,1
2010,98,1,16,2
2013,111,1,3,3
2018,85,3,16,1
2012,115,5,17,2
2021,99,1,5,2
2017,87,1,1,2
2015,103,1,2,2
2015,90,4,1,2
2003,95,4,16,1
2018,94,1,17,2
2015,95,2,2,3
2001,90,1,1,2
2019,99,1,1,3
2015,156,2,5,3
2006,106,1,9,2
2022,82,2,1,2
2017,89,1,1,2
2017,94,1,1,3
2002,91,6,10,1
2021,94,7,3,1
2014,94,8,7,2
2014,85,1,1,2
2017,123,2,6,2
2021,88,3,27,1
2016,111,2,16,3
2021,111,1,1,2
2011,88,1,4,2
2013,85,3,2,2
2015,94,2,2,2
2020,141,2,2,2
2010,123,1,7,2
2000,102,2,1,2
2012,88,2,1,2
2016,88,1,1,2
2014,90,1,2,2
2001,93,1,1,1
2006,117,2,1,3
2009,101,2,1,3
2010,76,1,1,2
2006,93,3,6,1
2019,105,5,1,2
2016,85,2,1,1
2011,90,8,5,2
2016,108,2,1,2
2013,116,2,8,1
2017,91,1,2,2
2013,89,1,8,2
2002,97,1,14,2
2002,109,2,1,3
2007,88,5,10,3
2018,96,1,2,1
2021,84,1,1,0
2015,120,6,5,3
2008,90,2,2,2
2003,94,2,12,3
2019,112,1,1,2
2012,95,14,6,2
2010,109,2,2,3
2016,90,1,1,2
2013,104,5,5,2
2014,89,4,3,1
2019,92,1,3,3
2019,90,1,1,2
2018,130,1,3,3
2016,94,3,15,2
2019,99,1,1,3
2013,130,1,1,3
2013,80,2,2,2
2009,101,1,2,3
2004,102,1,6,2
2007,111,1,3,2
2015,123,3,2,3
2017,90,6,1,2
2022,93,1,16,1
2011,94,1,2,2
2022,87,1,1,1
2020,96,1,1,1
2017,85,2,1,2
2020,103,6,5,1
2014,94,5,1,2
2021,83,4,14,1
2000,119,13,5,2
2017,98,1,8,2
2004,126,1,2,3
2007,98,1,1,3
2019,89,1,1,2
2015,88,1,1,3
2010,106,5,10,3
2011,98,1,1,2
2003,91,1,1,3
2020,88,3,15,2
2021,86,1,3,1
2003,171,3,7,3
2012,75,9,2,0
2008,81,1,1,1
2016,88,1,1,1
2018,101,1,1,2
2009,91,3,2,2
2015,140,2,2,3
2006,93,5,2,3
2017,85,4,2,2
2019,85,1,7,2
2018,111,1,1,2
2022,99,2,1,2
2014,100,1,3,2
2003,90,1,1,3
2015,97,8,5,1
2015,88,2,1,2
2011,101,5,17,3
2005,93,1,1,2
2016,88,1,16,1
2022,86,2,4,1
2009,102,1,6,2
2014,85,2,1,1
2022,153,4,6,2
2003,119,5,2,3
2006,118,2,1,3
2010,81,2,1,2
2014,95,1,1,2
2019,97,3,2,3
2014,86,3,1,2
2015,89,9,3,1
2017,85,1,1,2
2014,90,2,3,2
2014,137,2,1,3
2013,85,4,2,2
2019,99,3,1,2
2012,91,9,3,1
2020,80,2,1,2
2017,96,1,17,2
2010,101,1,10,2
2018,106,3,1,2
2008,99,2,3,2
2022,144,1,1,1
2018,164,2,4,1
2015,83,1,1,2
2020,105,6,7,2
2015,122,1,1,2
2016,78,2,1,3
2010,83,1,1,3
2015,96,9,16,2
2022,106,5,1,3
2021,79,3,1,2
2017,105,1,1,2
2012,96,2,3,2
2011,106,7,2,2
2022,71,17,1,0
2007,97,1,1,2
2010,98,9,27,2
2000,82,1,1,2
2022,97,1,1,1
2020,114,2,1,2
2012,163,1,2,2
2013,100,1,1,2
2003,92,1,2,2
2022,80,1,1,2
2017,111,1,1,3
2017,95,1,1,1
2001,100,2,17,2
2011,120,3,2,2
2001,99,3,1,2
2009,130,2,1,3
2011,90,4,12,2
2008,96,16,9,2
2020,87,1,1,3
2017,92,1,2,2
2013,103,1,1,2
2018,89,7,1,2
2016,86,1,3,1
2017,128,2,10,3
2017,109,7,3,1
2009,161,1,2,2
2004,107,1,7,2
2021,111,2,1,3
2009,94,9,16,2
2004,91,5,17,2
2021,109,1,1,1
2015,107,3,4,2
2019,122,1,1,3
2011,90,2,4,2
2016,85,1,1,2
2016,90,9,1,1
2014,108,3,1,2
2015,87,9,3,2
2021,89,1,1,1
2014,86,16,7,1
2016,90,1,2,2
2021,89,7,5,1
2012,93,2,1,1
2017,120,1,1,3
2013,86,2,2,2
2012,174,2,7,3
2018,85,3,1,2
2022,90,2,9,2
2019,107,1,2,2
2012,91,4,12,2
2019,123,1,1,3
2008,80,2,1,3
2013,99,1,1,2
2019,88,1,1,1
2022,94,2,1,1
2011,85,5,3,2
2012,90,1,9,2
2001,90,1,2,2
2020,85,5,15,2
2017,119,3,8,3
2019,87,1,1,1
2012,98,9,16,2
2009,139,2,1,3
2018,93,1,1,2
2017,85,2,1,1
2020,86,1,1,1
2012,106,1,3,3
2007,85,1,1,3
2013,84,1,2,2
2020,90,4,5,2
2015,109,1,4,2
2015,110,2,7,2
2005,97,2,16,2
2014,93,16,3,2
2010,108,1,17,3
2009,119,1,20,3
2019,140,1,3,1
2018,100,3,1,2
2021,109,2,1,1
2019,113,1,1,1
2008,108,3,3,3
2019,92,1,1,1
2005,99,1,3,2
2013,88,4,5,2
2005,103,7,2,3
2008,128,2,2,3
2021,82,1,3,1
2011,113,7,2,2
2021,82,1,16,2
2011,96,16,24,1
2022,98,5,1,3
2020,108,1,1,2
2013,124,1,1,3
2022,45,1,1,4
2017,99,2,7,2
2012,87,1,1,2
2017,90,1,1,2
2018,92,4,2,2
2001,98,1,2,3
2022,92,3,1,1
2016,99,16,3,2
2020,87,7,12,1
2000,119,6,1,3
2016,107,7,3,2
2011,98,5,9,2
2019,87,5,24,1
2015,88,1,6,1
2011,94,2,6,2
2012,99,3,4,3
2013,89,5,2,1
2002,95,1,1,2
2017,88,2,1,1
2015,86,3,5,2
2012,99,1,15,2
2016,45,1,27,2
2020,93,1,1,1
2015,85,1,1,1
2006,122,2,1,2
2008,87,2,1,2
2021,90,4,8,2
2018,118,3,1,1
2000,92,1,6,2
2017,99,1,1,2
2014,105,1,1,3
2001,92,8,14,1
2010,87,1,1,2
2016,99,1,1,2
2022,90,1,1,2
2012,92,1,4,2
2015,95,1,2,2
2011,99,1,1,2
2018,91,2,1,2
2009,88,1,2,3
2016,92,1,1,2
2005,93,1,12,2
2013,97,1,2,1
2021,92,1,1,2
2013,95,5,15,3
2011,97,3,1,2
2010,86,8,1,1
2022,101,2,1,3
2013,89,1,1,3
2017,139,1,1,2
2015,92,1,1,2
2010,111,1,1,2
2018,165,1,1,2
2016,90,2,1,1
2003,94,1,1,1
2002,150,2,2,3
2020,84,3,1,1
2013,83,5,1,1
2021,136,2,2,2
2014,131,2,3,3
2017,113,8,4,2
2015,84,1,2,1
2012,94,5,1,2
2004,99,5,4,2
2015,102,1,2,2
2018,104,1,4,2
2022,80,1,1,3
2001,104,6,2,1
2017,85,1,1,2
2016,90,4,2,2
2022,95,1,1,3
2021,87,1,1,1
2017,90,1,3,2
2019,89,1,1,2
2011,90,1,3,2
2016,90,1,1,2
2002,93,1,1,2
2002,89,2,17,1
2017,71,3,3,1
2002,103,1,4,2
2013,92,6,12,2
2019,89,2,2,1
2019,98,1,1,1
2000,154,2,4,3
2007,90,1,1,1
2019,85,1,1,4
2014,100,8,1,4
2012,102,1,2,3
2018,110,2,1,3
2001,108,2,1,3
2013,88,1,3,2
2015,71,3,1,0
2011,91,5,4,2
2001,85,2,1,2
2017,92,8,10,2
2008,86,1,1,2
2014,90,6,1,1
2003,78,1,1,1
2017,95,1,3,2
2001,96,1,1,2
2011,137,1,2,3
2009,120,1,1,2
2021,86,2,2,1
2019,103,5,4,1
2016,113,3,2,2
2014,90,2,2,2
2019,98,1,1,1
2004,90,1,1,2
2015,90,2,6,2
2022,80,3,2,1
2018,89,1,1,2
2008,87,1,1,1
2013,127,1,1,3
2022,96,1,1,3
2010,107,3,2,2
2017,94,2,1,2
2018,87,14,5,2
2012,109,1,2,3
2008,97,2,2,2
2011,133,2,1,3
2019,126,2,2,2
2017,93,7,9,1
2019,85,1,8,1
2012,95,1,1,2
2018,88,1,1,2
2013,96,1,1,1
2012,90,1,1,2
2001,92,4,1,1
2017,85,1,1,1
2010,110,1,1,2
2011,87,16,1,1
2013,99,9,16,2
2020,84,3,27,0
2013,95,3,1,2
2018,158,3,1,2
2016,105,3,1,2
2022,86,1,1,2
2015,91,5,9,2
2011,143,3,4,3
2011,130,1,6,2
2016,96,1,6,2
2021,86,2,1,3
2000,48,1,1,3
2019,103,1,1,2
2005,88,2,1,1
2001,98,1,1,2
2018,92,1,1,1
2020,101,1,6,2
2018,86,1,1,1
2019,82,1,1,1
2022,106,5,1,4
2018,108,1,1,2
2017,103,1,1,2
2018,86,12,1,2
2004,104,1,4,3
2020,132,1,1,3
2019,90,1,1,2
2020,89,1,1,1
2019,104,1,1,2
2010,119,1,1,2
2006,110,7,4,3
2001,86,1,5,2
2018,80,1,7,1
2011,78,1,1,1
2001,88,2,1,2
2001,113,1,1,2
2006,105,1,9,3
2011,80,6,1,1
2020,90,4,2,1
2016,118,9,3,2
2004,107,1,1,3
2011,121,1,1,3
2007,88,1,2,1
2017,111,2,1,1
2016,116,1,1,3
2014,97,1,1,2
2014,136,2,2,3
2015,85,1,1,2
2022,120,1,1,1
2005,122,4,1,3
2008,105,1,1,3
2016,102,1,5,2
2011,114,3,3,3
2017,91,1,1,3
2021,101,1,1,3
2020,68,1,1,2
2012,89,5,7,1
2014,91,1,1,1
2019,91,14,2,2
2011,92,1,1,3
2021,87,1,1,1
2019,95,1,1,1
2001,95,1,1,1
2017,108,3,8,2
2016,91,1,1,2
2009,103,5,4,2
2003,84,2,1,1
2015,82,1,5,1
2016,87,2,1,2
2016,95,1,2,2
2021,85,2,5,1
2012,96,1,1,3
2004,94,5,1,2
2010,96,4,4,2
2021,124,1,1,2
2018,99,1,1,1
2002,88,1,3,2
2021,90,5,3,3
2012,88,2,6,2
2009,77,1,3,2
2019,107,1,1,3
2018,101,1,2,2
2001,89,2,17,2
2000,172,3,7,3
2006,116,2,4,2
2015,93,1,4,2
2010,82,2,3,1
2002,93,4,1,1
2008,90,1,1,1
2002,96,1,1,2
2000,122,2,1,3
2018,119,1,2,2
2007,84,3,1,2
2009,92,1,1,2
2019,85,14,5,1
2017,90,1,1,2
2015,89,6,2,2
2022,85,4,27,1
2018,114,1,1,2
2011,100,1,3,1
2020,91,1,1,2
2015,85,3,2,0
2017,91,1,24,1
2021,88,1,1,3
2021,85,1,12,1
2015,115,5,1,2
2013,99,2,10,2
2015,75,1,1,3
2009,91,1,12,2
2016,95,1,1,1
2021,117,3,2,2
2012,91,4,3,2
2012,73,4,1,2
2011,105,1,1,1
2020,119,1,1,2
2017,93,1,1,1
2018,121,2,1,3
2022,91,1,1,2
2019,111,3,1,3
2010,93,1,1,3
2019,99,3,1,2
2001,112,1,1,3
2018,100,1,4,1
2014,93,1,1,2
2020,111,1,1,2
2016,90,7,1,2
2021,110,1,1,2
2001,93,1,1,2
2019,102,1,1,2
2005,95,1,1,2
2019,72,3,1,3
2017,100,1,1,2
2002,73,1,1,3
2011,101,6,1,2
2014,92,1,6,2
2010,84,5,5,2
2019,97,6,7,1
2012,88,3,1,1
2007,103,3,4,2
2009,96,3,8,2
2019,102,1,1,2
2022,97,1,1,1
2014,90,2,1,2
2009,71,1,1,2
2013,93,1,1,2
2015,101,2,1,2
2019,92,2,3,2
2014,90,1,1,1
2018,86,7,1,0
2015,100,1,8,1
2015,89,4,1,1
2013,95,2,7,2
2017,90,2,1,2
2012,83,1,1,2
2018,92,1,1,2
2012,84,1,2,2
2000,90,1,4,1
2017,98,7,1,3
2013,86,1,2,2
2016,101,1,1,2
2014,99,1,6,3
2007,101,1,17,2
2022,82,11,3,3
2012,93,1,1,2
2013,160,1,5,2
2013,90,5,1,0
2015,80,1,1,1
2004,96,1,9,2
2015,86,1,7,2
2016,102,1,2,2
2018,96,1,2,1
2013,81,3,1,1
2007,96,1,1,2
2021,97,1,1,2
2017,91,1,1,2
2017,91,1,1,3
2013,88,2,3,1
2012,104,1,3,3
2010,146,2,4,3
2016,103,1,1,2
2009,87,1,1,0
2019,70,3,3,0
2014,85,1,1,1
2003,96,1,1,2
2019,98,2,2,2
2013,148,2,1,3
2010,93,2,1,1
2018,91,4,2,1
2018,115,1,3,1
2016,92,2,3,2
2004,128,10,5,2
2008,94,2,12,2
2000,86,1,1,2
2021,113,2,1,1
2009,154,1,5,2
2010,120,2,1,3
2015,93,2,1,2
2003,120,1,2,2
2014,112,4,5,2
2018,91,3,1,1
2016,93,9,4,2
2010,83,1,1,2
2020,88,2,14,1
2002,90,1,1,2
2010,104,4,3,3
2011,127,2,2,3
2019,117,3,14,1
2023,120,1,1,3
2020,91,1,1,2
2019,109,1,2,3
2013,92,2,1,2
2014,95,5,2,1
2015,92,7,9,2
2016,90,1,1,1
2021,92,1,1,2
2013,91,2,1,2
2013,100,3,1,1
2009,94,5,12,2
2005,114,1,1,2
2021,86,1,1,2
2007,89,7,2,3
2017,80,17,2,1
2000,85,1,1,2
2020,92,9,3,1
2001,86,1,1,3
2022,78,4,1,1
2021,95,7,1,1
2016,101,2,1,2
2010,107,1,1,3
2009,90,1,1,2
2012,94,2,1,2
2002,120,2,1,3
2013,87,9,1,1
2007,92,2,3,1
2017,93,1,7,2
2021,101,5,1,2
2020,91,1,1,2
2014,96,7,1,2
2015,87,1,1,2
2022,115,1,1,2
2022,90,1,1,4
2012,80,9,1,0
2013,80,4,2,2
2009,94,1,1,2
2013,83,1,1,1
2021,88,5,27,2
2009,95,1,4,2
2013,130,2,3,3
2019,87,1,3,2
2022,105,1,1,4
2014,133,6,1,2
2016,90,2,1,2
2016,83,2,24,2
2004,91,5,24,2
2015,88,1,5,2
2020,80,6,1,1
2021,88,1,5,1
2008,119,1,1,3
2022,93,1,1,2
2000,95,1,1,2
2022,93,1,1,4
2022,103,1,1,4
2006,91,9,2,1
2012,90,1,2,2
2018,92,1,1,1
2014,107,1,1,1
2012,101,2,1,2
2012,86,3,1,1
2019,126,2,1,3
2022,116,1,1,4
2012,109,1,1,2
2018,90,1,1,3
2017,104,2,2,3
2008,87,8,9,2
2020,80,7,2,1
2022,118,3,9,1
2011,135,2,3,2
2016,95,1,1,3
2006,102,1,1,2
2022,148,1,3,2
2019,78,1,1,2
2016,75,1,1,1
2016,96,1,1,3
2012,96,1,9,2
2017,88,7,1,1
2019,81,1,1,2
2005,80,1,1,2
2018,92,1,3,1
2009,106,1,2,3
2013,90,4,1,1
2022,133,1,1,3
2016,98,8,3,2
2012,140,2,3,2
2002,93,2,1,2
2021,99,1,9,1
2005,102,3,1,2
2016,105,1,1,2
2001,112,2,3,3
2001,98,1,1,3
2014,94,5,1,2
2013,97,1,2,2
2017,77,3,1,2
2010,93,1,1,1
2014,91,9,3,1
2015,164,1,6,2
2013,88,1,7,2
2012,86,1,1,1
2014,92,6,8,2
2015,82,2,1,3
2017,170,2,1,2
2015,85,2,1,2
2008,83,2,2,1
2009,93,1,4,2
2002,83,3,3,2
2011,91,5,3,1
2013,82,2,1,3
2021,101,1,1,2
2003,96,1,3,2
2019,109,2,1,2
2015,86,1,1,1
2022,79,1,1,3
2016,110,2,8,3
2014,110,1,1,2
2021,93,1,1,1
2005,91,3,1,1
2017,90,2,1,1
2018,91,1,1,2
2016,92,2,1,2
2005,94,1,2,2
2019,84,1,1,1
2012,116,1,3,3
2004,90,1,10,1
2012,102,2,8,3
2020,97,3,1,1
2018,102,2,3,3
2017,88,2,1,1
2019,85,1,24,1
2022,90,2,1,2
2011,90,1,6,2
2013,101,1,5,2
2015,97,1,1,1
2004,84,1,1,1
2015,89,4,2,1
2002,116,1,7,2
2021,208,4,1,3
2010,89,2,1,2
2020,98,2,1,1
2005,90,1,1,2
2015,88,3,1,1
2000,120,7,1,2
2015,88,1,1,1
2002,88,1,2,2
2002,101,1,1,3
2012,105,1,1,1
2021,92,1,1,1
2012,95,2,5,1
2019,97,1,2,2
2004,97,5,24,2
2017,84,8,1,2
2014,93,9,3,1
2017,99,1,3,3
2013,114,2,7,1
2012,94,1,7,2
2016,82,1,2,2
2017,140,2,2,2
2012,106,4,1,2
2011,91,2,6,2
2022,120,1,1,1
2016,93,4,1,2
2005,85,1,1,3
2018,87,7,1,0
2016,119,6,8,2
2014,113,1,1,3
2022,92,1,1,4
2002,124,1,1,3
2019,125,1,1,2
2017,95,1,1,1
2018,116,1,1,2
2002,80,1,1,2
2008,92,1,2,2
2021,87,2,4,1
2020,105,1,1,2
2004,95,2,1,1
2010,96,2,2,2
2016,91,8,5,1
2019,95,1,1,2
2017,113,1,2,2
2015,109,2,1,3
2012,86,1,6,1
2021,85,1,27,1
2017,126,4,2,3
2019,87,1,1,2
2021,83,1,1,1
2022,75,3,4,2
2006,95,2,2,1
2003,95,2,1,2
2019,92,1,8,2
2011,86,1,5,2
2017,90,5,1,2
2009,101,1,1,2
2021,100,1,1,2
2003,161,1,2,2
2016,84,1,1,2
2020,87,1,1,2
2020,95,5,4,1
2015,97,2,2,1
2011,106,1,1,3
2013,93,2,16,1
2016,89,3,1,2
2022,85,1,1,2
2016,121,1,1,3
2017,93,5,5,1
2017,62,1,1,3
2014,90,1,2,2
2016,141,1,1,2
2002,97,2,2,3
2021,84,4,1,1
2018,138,3,1,2
2012,90,1,4,2
2002,111,2,2,3
2015,90,1,1,3
2021,93,1,1,1
2021,119,1,8,3
2015,71,9,1,0
2009,71,1,1,3
2013,104,2,5,2
2018,114,6,8,2
2019,100,1,1,0
2014,95,1,1,2
2015,87,1,1,2
2008,85,1,1,2
2000,113,4,3,3
2006,95,1,1,2
2017,107,1,1,2
2011,98,3,2,2
2005,92,1,1,2
2011,70,1,1,2
2002,98,1,1,2
2021,89,1,1,1
2011,84,1,1,2
2017,92,3,1,3
2021,101,1,1,1
2003,90,3,2,2
2011,143,3,1,3
2009,90,2,12,1
2016,99,8,3,2
2010,109,1,1,3
2017,86,1,6,1
2009,89,1,2,2
2022,85,3,1,1
2011,111,1,1,2
2018,93,2,1,2
2015,105,1,12,2
2013,120,3,2,3
2005,98,1,2,2
2018,76,1,6,1
2015,93,1,1,1
2015,88,1,1,1
2021,87,1,1,0
2019,110,1,1,1
2010,89,2,1,3
2010,121,2,2,2
2021,71,17,3,0
2016,92,9,1,2
2011,108,2,2,2
2019,82,1,1,1
2015,88,1,1,2
2019,83,1,1,2
2016,91,1,1,2
2016,90,1,1,2
2008,88,2,1,2
2010,90,2,1,1
2001,100,1,6,2
2002,90,1,1,1
2015,97,3,4,2
2011,82,1,2,2
2011,128,1,4,1
2014,9,1,4,3
2007,86,6,1,1
2021,94,2,7,2
2017,87,5,24,1
2005,80,6,1,1
2013,90,4,5,2
2020,93,5,2,1
2020,85,14,5,1
2014,84,3,1,2
2015,92,1,5,1
2014,85,2,2,2
2019,86,1,1,1
2021,90,1,2,1
2019,97,1,1,2
2016,68,5,1,3
2018,90,1,1,2
2020,88,4,2,1
2014,108,1,1,3
2004,82,1,3,1
2019,103,5,4,1
2012,109,1,1,2
2014,112,1,1,2
2014,96,2,1,2
2018,91,1,3,2
2011,90,1,3,1
2008,89,1,6,3
2016,102,1,1,3
2017,75,1,2,0
2004,78,1,1,2
2015,102,8,3,1
2003,81,7,2,2
2019,85,1,1,1
2004,98,7,2,2
2019,93,1,1,1
2015,80,14,1,1
2013,87,1,2,2
2016,83,2,1,1
2016,123,5,3,3
2021,181,2,1,2
2014,90,1,1,1
2007,85,1,2,2
2017,99,2,1,1
2008,91,1,27,2
2016,108,1,1,2
2011,145,2,6,2
2002,91,2,1,1
2022,127,1,1,2
2012,72,4,1,2
2015,87,1,1,2
2022,111,1,1,4
2004,84,2,1,1
2014,100,3,2,2
2007,88,1,1,1
2022,84,7,1,2
2019,88,1,1,1
2016,92,1,6,3
2013,111,9,3,2
2019,86,6,3,1
2021,74,1,1,1
2022,120,1,1,3
2003,96,1,6,2
2019,99,2,1,2
2016,88,2,1,2
2022,83,1,1,2
2014,105,2,3,2
2019,80,8,2,0
2013,88,2,24,2
2003,115,2,3,3
2022,85,6,2,2
2019,101,2,1,2
2004,120,1,2,3
2015,118,1,1,3
2011,102,1,1,3
2014,116,3,1,3
2018,98,3,3,1
2009,86,9,2,1
2004,87,1,1,2
2006,107,6,1,1
2005,83,14,2,2
2008,107,1,1,2
2020,97,1,1,1
2001,93,1,2,2
2009,82,1,1,2
2021,103,1,1,1
2022,85,1,2,1
2013,96,1,1,2
2016,67,1,1,3
2011,89,2,1,1
2009,80,1,1,2
2013,92,1,15,1
2002,84,1,1,1
2016,90,2,1,1
2015,96,1,1,3
2021,82,6,1,1
2007,60,4,1,2
2020,96,2,1,1
2019,105,3,1,1
2017,85,1,1,1
2017,76,1,1,1
2004,75,1,1,1
2014,104,2,10,2
2019,80,1,2,1
2019,102,3,1,1
2015,114,1,2,2
2004,90,8,2,1
2017,88,1,1,2
2007,90,4,1,1
2015,91,1,2,2
2016,81,1,1,0
2019,88,2,1,2
2013,130,7,8,3
2018,59,3,1,1
2018,99,1,1,2
2007,129,7,3,3
2005,89,1,4,2
2022,142,1,1,3
2002,116,1,1,3
2016,153,1,1,3
2017,86,1,2,3
2003,103,2,1,2
2016,92,1,1,2
2000,101,2,1,2
2019,85,5,3,1
2018,96,1,1,3
2007,85,2,1,1
2009,108,1,1,2
2011,118,3,1,3
2020,89,1,2,2
2010,117,1,4,3
2014,82,3,3,1
2019,89,1,1,1
2006,92,3,1,3
2015,100,1,1,1
2008,85,1,2,2
2016,90,4,1,1
2014,88,2,7,2
2017,115,1,6,2
2018,85,1,2,3
2011,87,9,2,1
2016,51,2,1,3
2002,102,4,1,1
2020,81,3,4,3
2016,101,1,1,2
2009,82,2,1,2
2013,82,4,1,0
2010,105,2,1,2
2017,147,1,2,3
2021,94,5,1,4
2020,86,3,1,2
2010,88,5,24,2
2011,82,1,1,1
2013,90,2,1,2
2016,87,1,1,1
2013,86,4,1,2
2017,78,1,1,2
2022,104,1,1,3
2016,100,4,8,2
2022,79,1,1,1
2020,110,1,1,3
2012,102,1,1,1
2012,85,1,1,2
2005,91,1,1,2
2020,98,1,2,2
2018,96,1,2,2
2018,80,1,1,1
2021,73,1,1,1
2006,90,1,2,2
2015,87,2,1,2
2018,90,1,1,1
2008,74,1,1,2
2020,101,1,1,1
2022,88,2,1,3
2003,93,7,8,3
2000,92,7,1,1
2016,85,17,2,1
2014,158,2,1,3
2019,89,1,1,1
2016,103,1,1,0
2018,84,1,1,2
2018,101,5,3,2
2019,95,2,1,1
2018,118,3,1,1
2008,123,2,1,2
2018,107,1,1,1
2019,77,1,1,2
2003,99,7,1,1
2016,83,1,1,1
2013,96,5,24,1
2019,103,1,1,3
2022,95,1,1,2
2001,92,1,7,3
2013,97,1,3,2
2012,130,1,1,2
2011,78,2,2,1
2003,118,2,1,3
2020,92,1,1,1
2010,106,2,1,2
2014,103,1,1,1
2018,113,2,1,2
2017,98,1,1,1
2009,99,1,1,2
2021,89,3,1,1
2008,119,2,1,3
2004,90,2,2,1
2020,90,2,1,2
2015,87,17,3,0
2001,91,1,2,2
2017,100,1,1,2
2016,85,1,2,1
2015,83,3,1,1
2013,90,1,1,1
2017,76,2,1,1
2016,80,8,5,1
2008,103,1,1,2
2020,84,1,1,3
2015,96,8,14,1
2017,85,1,1,2
2021,82,1,1,0
2002,95,1,1,3
2015,127,1,1,2
2022,83,1,2,1
2016,101,1,1,2
2002,96,1,1,3
2004,90,3,2,1
2012,86,3,5,2
2020,78,14,1,1
2000,95,2,3,1
2004,109,1,3,2
2005,88,6,5,1
2003,122,1,1,2
2002,88,1,1,2
2021,90,1,1,2
2005,94,5,24,2
2015,85,1,1,2
2003,105,1,2,3
2018,92,1,1,2
2002,86,2,7,1
2001,89,1,1,1
2021,97,1,1,3
2014,105,1,1,3
2010,88,1,1,2
2001,83,1,1,1
2020,101,1,1,1
2019,90,2,1,1
2015,88,3,1,1
2011,80,1,1,1
2018,86,1,1,2
2017,79,6,1,1
2019,80,1,1,1
2001,95,1,1,1
2021,86,1,9,1
2009,90,1,1,2
2020,98,1,1,2
2001,98,1,1,1
2011,88,3,2,2
2010,86,3,1,1
2004,101,1,1,2
2015,87,1,1,2
2019,93,1,1,2
2014,87,1,6,1
2004,93,1,1,1
2005,90,1,1,2
2021,93,2,1,2
2012,92,9,1,1
2010,104,1,1,2
2014,109,1,1,2
2020,130,1,1,3
2013,88,2,1,1
2002,93,1,1,1
2018,81,2,1,3
2019,120,1,1,2
2018,90,1,2,3
2006,90,3,7,1
2022,94,2,1,3
2015,131,1,1,2
2005,97,1,1,1
2017,139,1,1,4
2020,91,2,2,1
2001,96,2,10,1
2010,150,1,2,3
2016,102,8,5,1
2003,91,1,1,3
2017,90,1,1,3
2001,96,1,1,2
2008,90,1,1,3
2004,90,1,10,2
2001,120,1,2,2
2012,87,1,1,2
2016,118,1,1,2
2014,108,2,1,2
2017,95,2,7,2
2021,104,1,1,1
2019,134,1,1,2
2002,102,1,5,2
2012,90,2,1,2
2021,85,5,2,1
2009,105,1,1,3
2007,105,2,3,2
2009,90,1,6,2
2009,101,1,1,1
2001,98,1,1,2
2012,117,1,4,3
2009,87,2,5,1
2009,90,5,24,2
2010,92,2,1,2
2007,90,7,2,3
2017,82,1,1,2
2015,88,2,1,2
2014,93,2,1,3
2014,76,7,2,2
2006,84,2,1,2
2013,79,1,1,2
2017,93,1,1,1
2015,94,1,1,2
2001,91,4,6,2
2019,85,1,3,1
2016,95,1,1,2
2008,99,4,1,2
2009,90,5,1,2
2017,90,1,14,1
2010,92,16,1,1
2020,88,2,1,1
2012,78,1,2,0
2000,95,4,24,1
2011,90,9,1,0
2015,58,1,1,3
2006,109,1,6,2
2021,71,2,1,1
2021,70,17,1,0
2013,91,1,1,2
2011,90,1,1,2
2021,97,5,14,1
2017,70,4,2,2
2014,89,1,1,2
2016,87,1,2,2
2015,104,1,1,2
2012,86,1,1,2
2016,88,1,1,1
2009,90,1,1,1
2015,90,2,2,2
2013,93,3,27,1
2013,90,1,1,2
2006,81,1,5,2
2014,92,2,7,2
2008,112,1,1,2
2001,94,2,2,1
2018,102,1,1,1
2016,140,4,1,2
2009,86,2,1,1
2009,93,3,3,2
2005,103,5,2,1
2015,92,1,1,1
2010,99,9,1,2
2008,88,5,7,1
2008,91,3,1,2
2002,88,1,1,3
2007,96,3,4,2
2018,85,1,1,2
2013,140,7,2,3
2003,86,1,1,3
2008,110,7,4,3
2021,93,1,1,2
2019,105,1,1,2
2017,93,1,1,1
2011,90,1,1,2
2018,103,1,1,2
2015,89,1,1,3
2016,90,1,3,2
2006,88,6,1,1
2014,87,5,16,2
2009,108,7,1,3
2016,82,2,1,1
2009,195,1,2,3
2009,90,2,5,1
2013,90,1,1,2
2004,99,1,3,1
2015,84,8,5,2
2017,63,1,1,2
2007,113,1,1,3
2000,102,2,1,1
2017,93,2,1,1
2021,90,1,1,3
2013,90,1,1,1
2011,100,4,12,2
2010,113,1,2,1
2016,94,1,1,4
2018,96,2,14,1
2018,102,1,2,2
2009,66,2,1,3
2019,71,17,1,1
2022,100,1,1,4
2018,72,11,3,2
2004,80,2,1,2
2013,80,8,1,1
2013,87,1,1,2
2018,60,2,1,0
2010,92,1,7,1
2012,78,5,5,1
2007,93,14,4,1
2013,92,4,2,1
2021,106,1,1,1
2011,98,1,1,2
2001,93,6,3,1
2017,118,1,1,2
2009,111,1,1,2
2007,100,1,1,3
2022,90,1,1,2
2001,96,2,1,1
2019,112,1,27,0
2016,101,3,1,1
2016,90,1,1,2
2016,89,1,1,2
2001,102,7,8,3
2019,99,3,1,3
2018,105,1,2,2
2019,94,1,2,1
2019,90,1,1,2
2016,90,2,2,1
2008,95,1,1,3
2020,102,1,1,3
2019,86,3,2,1
2016,109,1,4,2
2013,107,2,2,2
2022,90,1,1,3
2015,141,1,5,2
2019,85,1,1,1
2021,90,1,1,1
2013,74,1,1,3
2018,97,1,3,2
2001,90,1,7,2
2020,77,1,1,1
2013,94,1,1,1
2019,99,1,1,2
2008,86,1,1,2
2015,86,1,4,2
2011,112,1,1,3
2005,88,1,5,1
2000,80,2,5,1
2002,120,1,1,2
2009,93,5,7,1
2007,100,1,9,2
2016,96,2,2,1
2000,93,2,6,1
2005,96,1,1,2
2002,94,1,6,2
2010,85,9,2,0
2015,114,1,1,2
2014,90,6,1,1
2013,85,5,24,2
2012,93,1,1,2
2019,94,1,1,2
2010,86,2,1,1
2019,114,1,1,2
2018,62,2,1,2
2011,86,2,1,2
2022,147,1,1,3
2020,86,1,2,1
2018,79,1,1,1
2013,85,1,4,2
2022,1,1,1,2
2021,80,4,1,1
2016,81,5,3,1
2004,129,1,2,3
2018,88,1,2,1
2015,109,4,1,2
2013,80,2,1,2
2013,95,1,1,2
2012,86,1,1,2
2021,70,6,2,1
2009,93,5,24,2
2016,90,1,1,2
2001,96,1,2,1
2009,108,1,1,2
2003,107,1,1,2
2021,95,1,1,3
2003,83,1,1,2
2009,90,3,1,1
2022,101,4,1,3
2017,101,1,27,1
2008,98,1,6,2
2009,95,14,27,2
2006,103,1,1,2
2022,75,1,1,4
2011,87,1,4,1
2020,31,1,1,4
2018,137,1,1,3
2011,89,1,1,1
2019,85,1,1,1
2019,98,1,1,2
2010,139,2,1,2
2014,134,5,2,1
2016,98,1,1,3
2002,99,1,1,3
2010,96,1,8,2
2014,85,3,1,1
2008,95,1,1,2
2009,170,1,3,2
2002,76,2,1,3
2009,107,1,1,1
2020,86,8,2,0
2000,103,4,8,2
2019,97,3,1,2
2018,100,1,1,3
2019,78,2,1,1
2020,90,4,1,1
2007,100,2,10,2
2000,95,2,24,1
2018,74,2,1,1
2022,72,1,1,1
2020,132,1,1,3
2011,70,1,1,3
2014,89,9,6,1
2003,96,1,4,2
2017,121,1,1,3
2005,84,1,1,2
2014,110,1,1,3
2018,94,1,1,2
2016,88,2,27,2
2014,90,1,2,1
2021,83,2,2,1
2004,98,4,1,2
2004,128,5,1,2
2018,122,3,1,1
2019,76,3,9,1
2000,90,1,1,1
2022,84,1,2,4
2011,84,1,2,1
2006,92,2,1,2
2001,90,7,1,1
2007,78,1,1,0
2017,84,2,3,1
2021,92,1,1,2
2020,89,2,4,1
2002,170,1,1,3
2011,88,1,1,1
2008,130,1,1,1
2015,98,1,1,1
2016,83,1,1,1
2020,108,1,1,4
2013,106,5,3,2
2015,86,1,1,3
2018,97,1,2,2
2001,92,5,1,2
2001,100,1,2,3
2011,88,1,1,1
2021,90,5,1,3
2006,90,1,16,1
2000,94,1,4,2
2009,111,2,8,2
2017,90,2,3,1
2012,90,6,3,2
2010,90,5,16,2
2020,95,1,1,2
2008,100,2,1,2
2010,146,1,1,2
2015,96,1,1,2
2018,80,14,3,1
2013,91,2,3,2
2012,94,1,1,2
2010,164,1,2,3
2021,71,17,3,0
2015,83,2,2,1
2017,100,1,1,3
2005,84,2,2,2
2008,99,1,1,1
2000,97,1,1,3
2020,72,9,1,0
2021,87,3,2,1
2021,49,1,1,3
2019,138,3,1,1
2005,110,3,2,2
2016,91,1,1,2
2016,102,1,1,2
2002,91,1,1,1
2010,96,7,2,3
2015,62,1,1,1
2015,93,1,16,2
2008,97,1,1,2
2017,88,1,1,3
2003,98,5,24,2
2011,86,1,1,1
2013,91,2,3,1
2018,94,2,1,1
2007,88,1,1,2
2016,99,1,7,2
2014,110,2,1,1
2017,94,2,1,1
2006,90,1,1,1
2018,93,1,1,1
2009,119,1,5,1
2022,109,2,27,3
2017,90,1,1,3
2016,79,17,3,1
2021,85,1,1,2
2008,95,1,1,2
2019,93,1,1,2
2000,109,1,1,2
2014,89,1,8,1
2013,85,5,6,0
2015,88,1,1,1
2015,80,1,1,1
2006,110,3,6,3
2017,79,9,3,1
2020,73,1,1,2
2017,95,1,1,2
2019,89,9,9,2
2021,94,1,1,1
2011,82,1,1,1
2011,100,1,1,1
2016,90,1,1,2
2014,88,14,2,1
2012,105,1,1,1
2019,113,1,1,3
2000,106,2,3,3
2020,89,1,1,4
2014,84,1,1,1
2018,84,1,1,1
2012,74,11,1,1
2012,88,1,1,1
2002,102,2,2,2
2009,90,3,1,2
2001,100,1,1,1
2012,85,8,1,2
2004,92,1,1,2
2013,103,1,1,2
2018,108,1,1,2
2002,100,2,1,2
2013,83,1,1,2
2009,97,1,1,1
2017,82,1,5,1
2018,145,2,2,2
2018,136,1,2,3
2012,90,1,1,2
2010,133,1,1,2
2017,101,2,1,1
2014,93,4,3,2
2004,90,8,4,1
2011,90,1,5,1
2009,92,1,1,2
2004,87,1,1,2
2011,143,1,1,3
2019,95,1,1,2
2022,90,1,2,3
2012,85,3,2,2
2014,86,1,2,1
2021,88,1,2,2
2005,83,1,1,1
2018,82,1,1,2
2010,84,1,1,1
2021,90,1,1,1
2014,79,1,1,2
2015,81,1,1,2
2009,101,1,1,3
2022,108,1,1,3
2015,100,1,1,2
2011,78,1,3,1
2016,97,1,1,1
2012,91,1,1,2
2014,140,1,1,1
2008,98,1,3,1
2003,90,2,1,2
2010,94,1,1,1
2015,102,1,1,1
2002,85,5,1,1
2021,85,2,1,2
2007,94,1,24,2
2008,110,1,1,2
2020,95,1,1,1
2019,85,1,1,1
2018,80,1,1,1
2017,95,2,6,2
2021,73,2,2,1
2000,97,2,1,1
2018,87,2,2,2
2022,130,1,1,2
2021,95,1,1,2
2014,141,4,3,3
2016,88,7,2,2
2013,88,1,1,2
2009,130,1,1,1
2016,89,9,1,1
2015,92,1,1,2
2016,90,1,1,1
2017,98,1,1,2
2002,90,1,4,2
2007,78,1,1,1
2022,100,1,1,2
2017,71,1,1,3
2015,86,1,1,2
2010,45,3,1,2
2001,97,6,1,1
2004,100,1,1,1
2013,100,5,1,1
2018,111,1,1,2
2017,87,2,1,2
2012,105,1,4,3
2017,134,2,1,3
2002,93,2,14,2
2021,96,1,1,1
2016,90,1,1,2
2010,100,1,1,1
2015,89,1,1,2
2017,82,2,1,1
2014,98,1,1,1
2017,95,1,16,1
2008,98,1,1,1
2016,106,1,1,1
2013,138,3,3,2
2001,89,1,1,2
2017,87,1,1,1
2018,98,1,1,2
2006,93,1,8,1
2021,85,1,1,1
2016,103,1,1,2
2011,172,1,2,3
2011,86,1,1,2
2009,93,6,1,1
2020,114,1,1,2
2019,97,1,1,2
2018,103,1,1,3
2003,104,1,1,2
2009,97,2,1,1
2017,130,8,1,3
2013,99,2,2,1
2005,96,2,1,2
2012,101,1,1,2
2018,97,2,4,2
2021,91,1,1,1
2002,118,5,1,2
2022,151,1,1,3
2017,106,1,1,1
2002,97,1,4,1
2001,90,8,2,1
2007,145,1,1,2
2002,91,2,7,1
2014,114,1,1,3
2000,98,1,4,2
2007,99,1,3,2
2008,90,14,1,2
2008,92,3,1,2
2009,93,1,4,2
2009,90,1,1,2
2019,112,1,1,3
2015,85,1,4,1
2004,96,2,1,3
2021,80,1,6,3
2019,66,3,2,3
2003,117,1,1,3
2021,80,2,1,2
2015,81,1,1,2
2017,88,3,1,2
2007,93,1,1,2
2012,122,5,1,2
2013,94,2,5,1
2003,103,2,5,2
2005,60,1,2,3
2011,91,1,1,1
2015,79,4,1,2
2019,102,1,1,1
2022,105,4,1,1
2008,97,3,1,2
2012,89,1,1,1
2020,112,2,1,3
2006,125,1,2,2
2010,95,2,1,1
2011,123,1,1,3
2022,51,5,1,4
2014,99,1,1,2
2010,78,3,1,1
2004,93,1,24,1
2013,80,5,1,2
2006,85,6,7,1
2004,95,2,1,2
2006,96,5,2,2
2017,96,1,1,2
2013,138,1,1,2
2014,91,3,2,1
2011,84,1,1,2
2008,90,2,1,2
2018,105,1,1,1
2010,99,1,1,2
2000,118,5,3,2
2018,98,1,1,2
2014,124,1,3,3
2021,89,1,1,2
2018,85,1,1,2
2012,85,1,1,1
2016,75,1,1,1
2021,76,2,1,1
2019,91,1,1,1
2016,83,4,1,0
2014,91,1,1,2
2010,90,1,1,1
2019,66,3,1,0
2017,100,1,1,3
2011,109,1,1,2
2022,97,1,1,2
2008,89,10,1,1
2015,197,1,1,2
2017,95,1,2,1
2010,168,1,3,2
2015,85,1,1,1
2001,93,7,1,2
2011,93,1,1,2
2005,103,1,1,2
2014,87,10,2,1
2013,94,1,8,1
2012,119,2,1,1
2002,107,2,1,3
2009,94,1,1,2
2021,78,1,1,1
2014,112,2,3,1
2010,92,3,1,2
2001,82,1,1,2
2011,85,2,1,1
2013,94,1,1,2
2014,115,2,1,1
2001,100,2,7,2
2006,109,6,2,3
2011,91,2,1,1
2017,150,1,1,4
2020,70,17,3,0
2022,114,1,1,1
2020,92,1,1,1
2008,110,1,1,2
2010,87,2,7,1
2018,68,1,1,3
2010,77,2,14,1
2014,90,1,1,1
2013,148,2,2,3
2008,93,9,3,2
2013,121,1,2,3
2008,93,5,5,2
2016,126,1,1,3
2013,100,1,1,2
2018,106,2,1,2
2017,94,2,1,1
2011,101,1,1,1
2015,82,14,16,1
2014,88,1,1,2
2018,73,1,1,3
2016,76,2,1,2
2001,94,1,1,1
2009,88,1,1,1
2009,122,1,1,2
2019,90,1,1,2
2015,107,1,1,3
2022,106,1,1,4
2004,90,3,1,1
2006,89,1,1,2
2010,96,1,5,2
2017,99,1,1,2
2008,95,1,3,1
2013,111,1,1,2
2022,106,2,1,0
2014,83,1,1,2
2018,89,1,1,2
2000,94,2,2,2
2015,96,5,1,1
2009,100,1,1,1
2009,91,1,12,2
2018,109,1,1,2
2019,85,2,2,2
2010,104,1,1,2
2015,96,2,1,2
2009,80,1,1,1
2004,112,2,1,2
2005,88,5,2,1
2001,89,1,1,1
2016,74,1,1,1
2013,82,9,1,1
2022,120,1,1,2
2016,80,1,1,2
2016,90,1,5,2
2002,91,2,5,1
2009,88,11,3,1
2021,45,1,1,1
2017,119,1,1,1
2016,97,4,1,2
2007,90,1,1,3
2018,132,2,1,2
2013,97,1,1,2
2002,74,1,1,2
2013,85,1,1,1
2009,134,1,1,1
2008,87,9,1,1
2011,75,2,1,2
2014,82,5,1,3
2014,91,2,27,1
2000,93,1,1,2
2004,95,1,9,2
2015,126,2,1,2
2010,98,1,1,1
2015,88,1,1,2
2018,113,1,1,3
2016,84,1,2,2
2008,100,1,1,3
2012,102,1,1,3
2012,116,1,1,0
2011,93,1,1,1
2001,105,1,1,2
2014,80,1,1,1
2021,83,2,1,1
2011,87,1,1,2
2012,95,1,2,1
2017,82,1,1,2
2006,110,1,1,2
2019,85,2,2,1
2011,108,1,1,2
2002,180,1,1,3
2019,63,1,1,3
2016,110,1,1,2
2015,100,1,1,0
2001,86,1,1,3
2018,102,1,2,2
2001,113,5,5,2
2013,93,1,7,1
2013,90,1,1,1
2017,101,2,1,3
2012,162,1,1,2
2017,94,1,1,1
2019,93,1,16,2
2015,81,1,1,2
2000,54,1,1,2
2009,90,4,3,1
2013,80,3,1,0
2014,86,2,1,2
2013,90,1,1,1
2012,99,1,12,1
2000,89,6,10,1
2013,91,2,3,1
2011,84,1,1,1
2003,99,1,1,1
2004,95,2,1,2
2010,58,1,1,2
2004,96,2,1,2
2011,114,2,2,2
2017,99,1,1,1
2014,105,1,1,2
2013,53,1,1,2
2013,120,1,1,2
2003,97,4,8,2
2000,100,1,10,1
2014,56,1,1,1
2014,85,1,1,2
2014,52,1,1,3
2019,82,11,2,2
2018,83,1,1,2
2016,103,1,2,2
2018,98,1,1,1
2000,90,1,1,1
2016,100,1,27,1
2021,90,1,1,1
2018,84,1,1,3
2017,84,3,2,1
2022,88,1,1,2
2004,45,1,1,0
2018,67,17,3,0
2015,79,1,1,2
2005,102,3,3,3
2020,97,2,1,2
2017,60,2,1,3
2011,76,2,2,2
2004,90,1,2,1
2015,113,2,1,2
2011,90,1,1,2
2004,103,1,1,2
2003,90,1,2,1
2020,90,1,1,2
2000,81,1,1,1
2002,90,1,1,1
2010,96,1,1,1
2005,82,1,1,1
2007,85,1,1,0
2001,93,4,1,2
2002,85,4,1,2
2010,95,1,4,2
2020,90,1,1,3
2016,99,1,1,3
2015,90,9,1,1
2014,87,2,1,1
2018,105,1,1,1
2012,90,9,1,1
2015,148,2,1,3
2015,82,7,9,1
2003,84,1,1,1
2015,91,1,1,2
2001,94,2,24,2
2003,90,1,9,0
2014,99,1,1,1
2001,86,2,1,1
2010,82,1,1,1
2011,88,1,9,2
2012,108,2,4,3
2021,63,1,1,3
2014,91,1,1,1
2005,85,2,1,1
2007,85,2,1,0
2007,102,1,8,1
2016,136,1,1,1
2019,135,1,1,2
2004,80,1,1,2
2016,90,2,1,1
2016,102,1,1,1
2014,78,2,12,2
2008,100,1,1,2
2016,87,1,1,4
2019,72,1,1,2
2016,90,5,1,1
2016,81,3,2,1
2016,120,1,1,3
2011,150,1,1,2
2017,84,1,1,2
2004,92,4,2,2
2017,98,1,2,2
2019,110,1,1,2
2013,98,1,1,2
2015,85,1,1,4
2013,105,1,1,2
2015,112,1,2,3
2016,89,1,1,1
2003,101,2,2,1
2001,84,1,1,1
2013,90,14,1,1
2013,73,1,1,2
2013,101,2,1,2
2006,93,8,4,1
2006,93,1,6,2
2017,118,2,2,2
2006,105,1,1,2
2003,83,1,1,2
2016,103,1,1,2
2018,90,2,1,1
2011,86,1,3,1
2014,90,1,1,1
2014,45,1,1,2
2013,86,2,1,3
2021,108,1,1,4
2020,95,1,1,1
2021,80,8,2,1
2016,81,5,3,1
2015,130,2,1,1
2020,87,1,1,1
2017,94,3,1,1
2014,96,5,3,2
2010,160,2,2,2
2001,99,1,2,2
2018,88,1,3,1
2022,98,1,1,1
2017,76,2,1,2
2018,80,1,1,1
2005,85,8,6,3
2017,104,1,1,2
2001,94,1,1,1
2009,108,1,2,2
2000,100,8,5,1
2012,102,2,2,1
2003,182,1,1,3
2009,149,1,1,3
2013,64,1,1,3
2019,117,3,1,1
2018,70,2,1,1
2020,89,1,1,2
2017,84,1,1,3
2003,88,2,1,1
2008,117,3,3,2
2011,75,1,1,1
2014,100,2,1,2
2018,84,2,1,1
2013,90,1,1,1
2019,85,1,1,1
2020,84,1,1,2
2017,89,1,1,2
2010,90,1,1,1
2018,120,2,1,3
2001,95,9,3,1
2010,56,1,1,2
2014,90,1,1,3
2017,80,11,2,2
2011,84,1,6,1
2000,96,2,2,2
2006,138,1,2,1
2011,110,2,4,0
2013,76,5,4,1
2016,117,1,1,3
2009,90,1,12,1
2014,90,1,1,2
2005,82,1,1,0
2007,80,1,1,1
2014,82,2,1,1
2001,103,4,1,1
2011,96,1,2,2
2022,79,1,1,2
2016,109,3,4,2
2001,94,1,12,1
2019,70,3,2,3
2020,92,1,1,0
2000,99,1,1,2
2012,85,1,1,1
2003,96,1,1,1
2014,95,2,1,2
2011,82,2,3,2
2017,146,1,1,2
2011,102,1,1,2
2017,97,1,1,2
2018,103,1,1,2
2012,86,1,1,2
2000,90,1,2,2
2011,101,2,1,2
2015,98,1,1,3
2007,83,1,6,2
2018,64,1,1,3
2019,120,7,3,2
2012,112,1,1,2
2004,105,1,1,3
2010,124,1,1,2
2011,109,2,1,1
2020,90,14,9,1
2012,109,1,1,1
2015,114,1,1,3
2018,97,1,1,1
2000,85,1,1,1
2018,84,2,1,2
2004,112,1,2,2
2005,90,9,4,1
2021,96,1,1,2
2010,108,2,1,1
2006,87,1,1,1
2014,132,1,1,2
2010,50,1,1,2
2018,100,3,1,2
2017,92,3,1,1
2022,64,3,3,4
2011,120,1,1,3
2009,60,1,1,2
2020,81,1,1,2
2015,79,2,5,2
2010,105,1,1,2
2020,76,1,1,1
2014,75,1,1,1
2014,105,1,5,2
2019,120,1,1,3
2006,108,1,1,1
2016,135,1,1,2
2020,93,1,1,4
2008,86,1,1,2
2013,90,1,1,3
2022,104,1,1,4
2000,97,1,4,2
2010,86,1,1,1
2014,87,3,3,1
2016,81,10,1,1
2013,92,2,1,1
2016,86,2,1,1
2013,93,1,1,1
2010,109,3,5,2
2008,89,1,1,3
2015,95,1,6,1
2005,91,1,1,1
2007,112,1,1,1
2016,75,1,1,3
2002,83,1,1,2
2019,90,2,1,1
2008,100,2,1,2
2011,133,1,1,1
2016,45,1,1,3
2019,50,1,1,3
2020,89,4,1,1
2008,105,1,1,2
2012,88,1,1,2
2020,80,1,1,2
2014,120,1,2,1
2000,86,1,1,3
2007,74,1,1,1
2014,85,2,1,2
2019,85,1,27,1
2016,121,1,1,3
2022,96,1,1,3
2017,88,1,1,2
2006,87,1,1,2
2015,90,1,1,1
2013,113,1,1,2
2000,94,9,2,1
2013,116,2,2,1
2015,95,3,1,1
2019,100,2,1,2
2015,94,2,1,1
2008,109,2,1,2
2014,110,1,1,2
2018,83,1,1,2
2015,90,1,2,3
2003,85,6,7,1
2020,106,1,1,2
2010,149,1,1,3
2009,107,1,1,1
2017,135,2,1,2
2004,95,1,2,1
2008,95,3,1,2
2009,92,1,1,2
2009,65,2,1,1
2007,126,1,2,3
2016,88,1,1,2
2006,91,2,4,1
2017,90,2,1,2
2018,103,1,1,2
2002,96,1,10,1
2015,107,1,1,2
2017,75,1,1,1
2011,90,9,1,1
2001,94,1,1,2
2022,62,1,1,4
2020,120,1,1,1
2003,92,1,5,1
2012,129,2,1,3
2004,93,1,1,2
2016,96,1,1,3
2006,111,1,2,1
2019,142,1,1,2
2017,93,1,1,2
2009,143,1,2,2
2005,90,2,1,3
2021,145,2,1,2
2000,104,1,1,2
2006,83,1,1,2
2020,90,2,2,2
2021,81,14,1,1
2001,102,3,2,1
2001,70,2,1,2
2001,90,1,1,1
2019,90,1,1,3
2022,85,1,1,2
2001,96,1,1,2
2013,90,1,3,2
2009,90,2,1,2
2019,72,1,1,1
2022,99,1,1,4
2020,72,5,1,4
2013,87,1,1,3
2017,98,1,2,2
2015,89,1,1,2
2013,114,1,1,3
2014,97,1,1,2
2009,95,1,1,2
2017,99,2,1,2
2017,104,1,1,2
2007,94,1,1,3
2008,94,1,2,1
2018,91,7,1,1
2014,90,1,1,3
2018,94,3,1,1
2002,121,1,1,3
2007,93,1,1,2
2011,97,1,1,1
2019,120,1,1,1
2022,62,1,1,3
2016,100,1,1,2
2013,97,1,3,2
2014,94,2,1,2
2000,95,4,5,2
2000,95,2,27,1
2002,91,1,1,3
2012,90,1,1,4
2018,81,1,1,3
2011,91,2,1,1
2006,93,1,2,2
2018,120,1,1,1
2009,102,2,6,2
2008,92,1,2,3
2016,95,3,4,2
2017,90,1,1,1
2018,78,1,1,2
2008,105,1,1,2
2017,87,1,2,1
2000,124,1,1,2
2009,99,2,1,2
2011,104,1,1,3
2001,98,4,8,2
2008,97,1,4,1
2014,94,1,1,2
2013,111,2,1,2
2006,88,1,1,3
2011,87,1,4,1
2014,120,1,1,3
2016,82,5,3,1
2009,103,1,1,3
2004,84,1,7,1
2016,60,1,1,4
2022,60,1,1,2
2000,92,1,1,1
2006,118,1,3,2
2006,89,1,1,3
2014,93,1,1,3
2008,91,1,1,2
2011,75,2,1,2
2003,81,1,1,3
2006,97,2,2,2
2008,91,1,1,2
2016,108,1,3,1
2016,86,1,1,1
2021,70,3,1,1
2015,106,1,1,2
2009,80,1,1,1
2000,81,2,1,2
2018,88,1,3,1
2017,83,1,1,2
2005,82,2,1,1
2019,79,2,1,1
2015,93,1,1,1
2009,96,2,1,2
2009,94,3,1,2
2006,115,1,1,3
2016,88,1,3,2
2017,105,1,6,2
2009,92,3,1,2
2008,90,1,1,1
2011,89,4,1,2
2014,165,1,1,3
2008,83,2,4,1
2011,120,7,1,1
2017,85,1,1,2
2002,90,1,1,2
2018,111,1,4,2
2014,102,1,1,2
2016,50,1,1,3
2003,100,2,1,2
2011,45,1,2,2
2013,100,1,1,2
2010,93,1,1,2
2014,93,2,1,1
2004,108,1,1,2
2016,80,1,1,2
2020,105,1,27,2
2011,110,1,1,1
2010,83,1,2,2
2015,123,1,1,3
2021,92,1,3,2
2001,97,1,1,2
2016,106,1,1,2
2008,90,1,1,3
2021,80,2,4,2
2010,101,2,1,1
2019,92,1,1,3
2013,83,1,1,3
2002,91,1,4,1
2007,95,1,12,2
2020,80,1,5,1
2013,103,1,1,2
2013,97,3,1,2
2020,85,1,1,3
2004,127,1,1,2
2016,140,1,1,4
2017,80,2,2,1
2021,91,1,1,1
2017,90,1,1,3
2016,100,1,1,1
2008,95,1,1,3
2000,97,1,2,2
2003,88,4,1,2
2018,83,1,1,2
2001,100,1,1,2
2004,98,2,1,2
2000,89,1,4,2
2002,88,2,1,2
2019,97,1,1,3
2007,89,2,1,1
2004,101,1,2,2
2018,86,3,1,1
2012,98,3,1,2
2021,95,2,1,2
2014,81,1,1,3
2005,91,2,1,1
2012,68,2,2,1
2005,96,1,3,3
2007,84,8,1,1
2001,102,1,1,3
2020,76,1,1,2
2015,80,1,1,1
2015,92,1,1,1
2021,120,1,2,2
2003,162,1,1,1
2014,96,2,1,3
2016,79,1,3,1
2000,95,9,1,1
2018,108,3,1,1
2003,97,1,1,2
2012,93,1,1,1
2014,93,1,2,1
2013,81,2,2,1
2006,45,1,1,3
2021,100,1,1,3
2010,105,1,1,2
2016,86,1,1,2
2001,97,1,10,2
2019,90,1,1,2
2009,87,1,1,1
2018,73,1,1,2
2001,96,1,1,2
2012,86,3,1,1
2013,80,1,1,1
2019,94,2,1,1
2008,85,1,2,3
2014,90,1,3,2
2011,108,2,1,2
2009,102,1,1,2
2013,88,5,16,1
2010,124,2,1,2
2022,126,1,1,1
2012,96,1,1,3
2004,96,1,1,2
2015,96,2,1,1
2018,81,5,2,1
2015,105,1,1,3
2013,88,1,1,2
2010,98,2,1,1
2020,85,1,1,1
2017,105,1,1,2
2002,94,2,1,1
2010,105,1,1,3
2012,95,2,1,1
2016,81,2,2,2
2022,109,2,1,3
2005,101,7,8,2
2009,97,1,1,2
2008,98,2,1,1
2016,86,3,2,1
2014,90,14,1,1
2000,91,1,1,1
2018,97,3,4,2
2005,96,1,1,2
2017,87,1,1,2
2001,90,2,12,2
2018,85,1,1,2
2012,113,1,1,2
2014,100,2,1,1
2018,129,1,1,4
2001,92,2,1,2
2016,97,1,2,2
2009,93,1,1,2
2002,91,2,1,2
2020,90,1,1,3
2015,90,1,1,3
2006,92,1,1,1
2000,90,1,1,2
2009,85,1,1,1
2000,106,1,27,2
2001,94,1,5,1
2018,134,3,4,2
2001,90,1,1,3
2021,102,1,1,3
2000,94,2,2,1
2019,83,1,1,1
2000,91,3,2,2
2015,126,1,1,3
2010,74,1,1,1
2017,107,2,1,4
2013,108,1,1,2
2011,85,5,1,0
2005,93,1,1,1
2014,80,1,1,1
2008,154,1,1,2
2001,92,1,4,2
2022,88,1,1,3
2005,77,1,1,3
2021,72,2,1,2
2009,124,1,1,3
2010,90,1,16,1
2003,120,1,1,3
2019,73,1,1,2
2013,120,3,1,1
2010,69,1,1,3
2014,99,1,1,2
2015,85,2,1,1
2018,90,1,4,2
2020,115,1,1,2
2001,97,1,12,1
2013,107,2,3,3
2008,89,3,1,1
2012,99,2,1,2
2010,120,1,1,1
2001,96,1,2,1
2008,93,1,1,3
2015,134,1,1,3
2019,93,2,1,1
2018,84,11,3,2
2020,89,2,1,2
2001,120,1,1,3
2008,96,2,1,2
2003,106,1,1,2
2006,99,1,1,1
2009,57,1,2,2
2005,90,1,1,2
2006,96,1,5,1
2010,160,1,1,3
2012,88,1,1,1
2019,75,1,1,1
2008,86,2,2,1
2011,145,2,1,0
2010,140,1,1,4
2021,119,1,1,3
2005,88,1,1,2
2018,86,2,1,0
2016,68,1,1,3
2022,62,1,1,4
2005,78,1,1,2
2019,113,1,1,2
2012,161,3,1,3
2013,92,1,1,1
2007,86,1,1,2
2009,90,1,1,1
2017,72,1,1,2
2008,107,1,1,1
2011,85,1,2,2
2011,86,1,1,2
2008,86,3,1,1
2000,130,4,1,3
2019,118,1,1,2
2021,120,1,1,2
2016,90,1,1,3
2010,98,1,3,3
2001,87,1,5,2
2015,89,1,1,1
2014,79,2,1,1
2016,87,1,1,2
2016,90,1,1,2
2017,110,2,1,3
2020,77,1,1,3
2017,85,1,4,2
2018,92,1,1,2
2018,95,1,1,2
2007,90,1,1,2
2005,93,2,3,1
2004,90,1,1,3
2005,97,1,1,1
2010,86,1,2,2
2013,179,1,1,3
2014,71,1,1,2
2014,90,5,6,1
2001,87,1,1,2
2012,80,9,2,0
2021,87,1,1,1
2002,100,4,1,2
2017,63,1,1,2
2016,46,1,1,3
2016,96,1,2,2
2016,80,2,1,3
2015,94,1,1,2
2012,84,1,1,1
2000,75,1,2,2
2019,87,1,1,2
2009,99,1,1,1
2012,90,1,1,2
2001,82,1,1,2
2015,104,1,1,2
2002,90,1,1,1
2007,85,4,1,2
2007,79,1,1,2
2017,53,1,1,1
2004,95,2,1,1
2005,101,1,1,2
2002,92,4,1,1
2016,90,1,1,2
2015,49,1,1,2
2018,102,1,1,3
2013,92,1,5,1
2013,93,2,1,1
2013,97,1,1,2
2002,115,2,3,3
2000,80,8,6,1
2022,110,19,1,3
2010,120,2,1,1
2002,103,2,1,2
2021,48,2,2,4
2010,77,1,1,2
2012,88,1,1,1
2012,85,1,1,3
2004,100,1,1,2
2007,96,11,1,1
2009,97,1,1,3
2001,97,2,5,1
2016,90,2,1,3
2016,85,9,1,1
2010,91,3,1,2
2009,90,1,6,1
2017,119,1,1,3
2015,100,1,1,1
2001,90,1,1,2
2011,105,1,1,2
2008,98,2,1,1
2013,85,2,1,1
2022,99,1,1,4
2007,96,1,3,1
2003,100,2,1,1
2001,95,1,1,1
2018,124,3,27,3
2018,70,1,1,3
2014,89,3,1,1
2002,100,1,1,2
2005,124,1,4,2
2010,95,1,1,1
2017,82,1,1,3
2010,96,1,1,2
2014,85,9,2,1
2017,95,1,1,3
2002,97,1,2,2
2018,100,1,1,2
2008,75,8,6,3
2010,90,1,1,1
2017,69,17,2,1
2009,120,6,1,1
2017,100,1,1,3
2022,93,19,1,3
2002,92,7,5,1
2009,84,6,12,0
2000,100,1,1,4
2000,93,1,1,1
2014,97,2,1,1
2020,105,1,1,3
2019,60,1,1,1
2017,75,1,2,2
2019,106,1,1,3
2015,85,4,1,2
2010,92,1,1,2
2007,96,3,1,1
2003,93,2,4,1
2022,96,2,2,1
2012,84,1,1,3
2013,96,1,1,2
2015,62,3,1,3
2001,92,8,5,1
2001,115,1,1,3
2002,90,3,5,2
2003,143,1,2,1
2008,121,1,1,2
2017,87,1,1,3
2008,90,1,5,1
2009,80,1,1,1
2014,93,1,1,1
2013,92,1,1,2
2015,95,1,1,3
2017,120,1,1,3
2015,90,1,1,2
2007,116,1,1,3
2013,78,1,1,1
2009,87,1,1,2
2010,93,4,2,1
2020,93,1,1,2
2018,65,1,1,2
2017,84,1,1,1
2012,102,1,1,3
2003,86,3,1,1
2018,88,3,1,1
2014,79,1,1,2
2001,93,3,1,1
2006,93,1,3,1
2017,93,6,1,2
2015,90,1,1,3
2021,48,1,1,4
2006,100,1,3,2
2017,95,1,2,3
2013,85,6,2,1
2011,125,1,2,2
2014,84,1,2,1
2018,101,1,1,3
2021,102,1,1,2
2004,103,2,1,1
2018,106,1,1,3
2013,107,1,1,1
2000,94,7,1,1
2021,83,1,27,2
2019,57,1,1,3
2008,88,1,1,1
2014,97,1,1,0
2002,90,1,2,2
2014,92,3,4,2
2016,110,1,1,2
2017,80,2,1,1
2005,90,1,2,1
2003,92,1,1,2
2006,89,2,2,1
2001,98,2,4,2
2018,105,2,1,4
2009,155,1,2,2
2005,132,2,1,2
2022,46,1,1,4
2006,115,1,1,2
2010,160,1,2,1
2014,88,1,1,1
2015,77,1,1,4
2018,98,1,2,1
2019,100,1,1,2
2016,105,1,1,3
2006,125,1,2,1
2007,90,1,1,2
2016,76,4,1,2
2012,94,1,1,2
2005,92,1,8,1
2013,120,1,1,3
2009,82,1,1,2
2006,90,1,1,2
2018,107,1,1,1
2018,87,14,3,1
2014,97,1,1,1
2015,105,1,1,2
2019,107,2,1,4
2002,115,1,1,2
2013,79,17,2,1
2014,115,6,1,2
2009,90,2,2,1
2018,90,1,1,3
2018,90,1,1,4
2003,85,1,1,1
2015,83,1,1,1
2007,75,1,1,2
2007,90,2,2,3
2015,91,2,2,1
2019,98,1,1,2
2020,141,1,1,1
2019,88,1,1,3
2001,94,3,6,1
2005,90,2,1,2
2004,103,1,1,2
2019,62,1,1,2
2007,90,3,2,1
2018,81,1,1,3
2019,88,1,2,1
2010,145,1,1,3
2000,90,1,1,1
2002,121,1,1,2
2009,79,2,1,1
2010,100,1,1,3
2008,90,1,1,2
2016,89,1,1,3
2012,45,1,1,3
2010,90,1,1,1
2009,103,1,1,2
2015,90,2,3,1
2007,88,1,1,1
2020,81,8,2,2
2011,101,1,2,3
2022,116,2,1,3
2015,75,6,1,1
2017,95,2,2,2
2021,64,1,1,2
2012,81,1,1,3
2003,85,1,1,3
2007,85,2,1,3
2021,92,1,1,2
2001,51,1,1,3
2022,120,2,1,2
2016,95,1,1,1
2015,122,1,2,1
2007,120,1,1,2
2017,87,1,1,3
2011,125,1,1,1
2016,80,1,1,3
2001,89,2,1,1
2014,112,1,1,4
2014,75,1,1,2
2017,78,1,1,3
2018,103,2,1,2
2019,99,1,1,1
2000,97,7,1,1
2020,121,19,1,1
2012,90,2,1,1
2003,98,1,4,1
2018,110,1,1,2
2007,105,6,2,2
2009,87,1,1,2
2014,240,1,1,3
2010,250,2,2,0
2013,88,1,1,3
2011,99,1,1,4
2014,73,1,1,3
2010,90,1,9,1
2009,90,2,1,0
2021,90,1,1,2
2020,200,1,1,4
2022,56,1,1,3
2003,100,7,1,2
2000,91,2,1,1
2016,75,1,1,3
2016,100,10,2,1
2005,95,5,3,2
2001,89,1,1,2
2009,95,1,1,1
2009,90,1,1,2
2001,90,1,1,1
2016,94,1,1,1
2021,115,1,1,4
2018,94,2,1,2
2014,93,1,1,3
2018,87,1,1,1
2012,121,1,1,2
2006,60,1,1,3
2012,96,2,1,3
2007,78,1,1,3
2017,133,3,1,2
2010,85,1,1,2
2015,119,1,1,3
2018,90,1,3,4
2004,86,1,4,2
2020,90,4,3,2
2017,92,1,1,1
2014,91,1,1,2
2004,85,2,1,1
2013,107,1,1,0
2003,103,3,2,2
2000,90,1,2,2
2011,107,1,4,2
2008,103,1,1,3
2018,90,1,1,1
2018,87,3,1,1
2018,110,1,1,2
2004,108,1,1,2
2014,60,1,1,2
2014,93,1,1,2
2000,102,1,1,3
2015,98,1,2,2
2016,89,1,1,1
2005,95,1,1,3
2014,90,1,1,2
2020,54,2,1,3
2006,77,1,1,1
2017,86,1,1,2
2016,55,2,2,3
2001,95,1,1,2
2004,99,4,1,2
2012,102,1,2,1
2010,152,1,1,2
2002,94,2,5,1
2017,81,2,1,2
2022,103,1,1,3
2011,95,1,1,4
2021,111,2,2,2
2016,78,1,1,1
2020,90,1,1,4
2010,123,1,1,3
2021,56,1,1,1
2003,83,1,1,2
2010,91,2,2,1
2014,60,2,1,3
2015,74,1,1,3
2000,88,2,12,0
2010,87,2,2,3
2022,109,2,1,3
2017,92,1,1,2
2019,100,1,1,1
2013,101,1,2,1
2001,100,2,1,2
2013,73,2,1,2
2021,80,8,1,1
2009,80,1,1,3
2018,87,1,1,3
2015,92,1,1,1
2011,100,5,2,2
2006,93,1,1,3
2018,88,1,1,2
2021,72,6,1,0
2013,82,1,1,1
2008,90,1,1,3
2017,120,1,1,2
2015,101,1,1,3
2012,46,1,1,3
2007,102,1,1,1
2006,91,1,4,1
2021,107,2,1,1
2015,90,1,1,2
2009,194,1,2,0
2009,90,1,1,3
2016,90,1,1,1
2004,100,1,1,2
2007,135,1,1,3
2014,104,1,1,2
2014,89,1,1,1
2018,91,1,1,3
2019,92,1,1,1
2014,91,1,1,2
2016,117,1,1,1
2011,60,1,1,4
2013,100,2,2,1
2002,112,1,1,1
2018,76,2,1,3
2004,100,4,1,2
2022,85,2,1,4
2018,83,6,1,1
2001,90,1,1,1
2010,76,1,6,1
2011,103,1,1,2
2010,85,1,1,3
2010,96,1,1,2
2016,92,1,1,3
2014,120,1,1,2
2002,120,1,2,2
2011,83,1,1,1
2011,45,1,1,3
2000,87,2,1,2
2017,82,1,1,3
2011,75,1,1,2
2002,90,1,1,0
2003,80,1,1,2
2022,123,1,1,4
2015,96,1,1,2
2013,90,4,3,1
2008,96,2,5,1
2007,85,1,8,2
2018,62,1,1,3
2017,110,1,2,2
2009,108,1,1,3
2019,95,19,1,1
2006,90,1,1,2
2010,80,7,1,1
2016,78,2,1,1
2008,118,1,1,2
2009,107,1,1,1
2009,180,1,2,2
2013,92,1,14,1
2000,89,1,1,3
2016,95,1,1,2
2019,81,1,1,4
2004,93,1,1,2
2010,94,2,5,1
2018,84,1,2,3
2006,88,1,3,1
2018,119,1,1,3
2021,81,1,1,2
2016,81,1,1,2
2014,100,1,1,2
2002,103,4,10,2
2016,103,4,8,1
2010,81,1,1,1
2008,100,1,3,2
2015,50,1,1,3
2018,120,1,1,3
2021,85,1,1,1
2009,94,1,1,2
2006,92,2,1,2
2011,87,2,1,2
2020,124,1,1,4
2013,90,1,1,4
2021,70,2,1,3
2004,90,1,1,1
2006,90,2,1,0
2010,98,2,1,1
2018,90,1,1,2
2007,92,1,1,1
2019,79,1,1,1
2021,60,1,1,1
2003,90,3,1,3
2013,75,1,1,2
2019,65,1,1,4
2013,87,2,2,1
2018,86,19,1,2
2020,90,1,1,2
2010,89,1,1,2
2006,120,1,1,3
2012,90,5,1,0
2021,73,3,3,1
2013,95,1,1,2
2016,82,1,1,1
2009,95,1,1,2
2017,83,3,1,3
2017,92,1,1,3
2014,95,1,1,2
2006,85,1,1,1
2010,85,11,3,1
2019,94,1,1,2
2016,45,1,1,3
2016,95,1,1,1
2020,97,4,2,1
2002,96,2,1,3
2011,108,1,3,2
2005,90,2,1,1
2001,100,1,1,1
2014,81,1,1,3
2018,103,3,3,2
2014,65,1,1,2
2015,90,1,1,2
2015,96,1,1,2
2005,94,3,2,1
2010,99,1,1,3
2018,120,1,14,2
2017,98,1,1,2
2017,120,1,1,3
2022,117,19,6,2
2005,86,2,1,2
2018,78,1,1,2
2012,103,1,1,3
2010,89,3,1,1
2008,90,1,1,1
2013,82,1,1,3
2008,83,2,3,1
2018,82,1,1,1
2018,108,1,1,2
2013,95,7,4,3
2018,76,1,1,2
2005,128,2,1,2
2014,73,2,2,2
2003,85,8,3,1
2021,93,1,1,2
2002,97,1,1,1
2017,111,2,3,2
2008,90,4,1,1
2017,99,1,2,1
2003,156,2,1,3
2008,95,2,1,2
2020,67,1,1,2
2018,86,1,1,1
2015,95,1,3,2
2016,105,1,1,4
2012,88,1,1,2
2003,105,1,1,1
2010,98,1,1,1
2019,94,1,1,2
2021,85,2,1,1
2017,45,1,1,2
2001,90,1,1,2
2003,89,1,1,2
2007,90,2,2,1
2006,80,1,2,1
2006,85,1,1,1
2008,79,4,1,2
2019,108,1,1,2
2011,104,1,1,2
2004,95,1,2,2
2018,81,1,1,2
2019,83,1,1,1
2015,95,1,1,3
2010,127,1,1,1
2006,88,9,2,1
2007,118,1,1,3
2017,96,1,27,3
2001,90,1,6,2
2015,127,1,1,1
2015,85,2,1,2
2003,80,5,1,1
2015,76,1,1,2
2013,96,1,1,4
2016,100,1,1,1
2016,83,1,1,3
2009,89,1,1,4
2019,96,1,1,3
2010,92,1,1,3
2008,82,2,2,2
2016,98,1,1,2
2011,80,4,1,1
2021,80,4,1,1
2011,90,11,3,2
2019,114,1,1,3
2020,92,1,1,2
2019,105,19,1,2
2012,95,2,1,3
2019,88,1,1,2
2019,113,2,1,1
2013,87,2,3,2
2011,81,2,2,1
2000,83,2,6,2
2014,86,1,1,2
2011,82,1,1,2
2014,90,1,1,4
2011,90,2,1,1
2020,125,2,1,3
2008,93,3,1,2
2017,80,1,1,3
2018,105,1,1,3
2014,113,2,1,3
2015,107,1,1,3
2016,90,1,1,3
2015,90,1,1,3
2008,86,1,1,1
2021,77,1,1,1
2019,62,1,1,2
2017,102,2,1,3
2017,80,2,2,1
2009,92,1,1,2
2022,105,1,1,3
2003,95,1,1,2
2011,80,1,2,2
2015,99,1,1,3
2016,110,1,1,3
2005,90,1,1,3
2006,90,1,1,1
2015,160,1,1,2
2007,77,1,1,3
2011,89,1,1,3
2002,95,1,1,1
2016,114,1,1,2
2018,88,1,1,1
2022,205,1,1,4
2019,73,1,1,1
2001,91,1,3,1
2008,90,1,1,2
2020,79,1,1,2
2021,74,17,1,1
2009,90,1,1,2
2017,80,1,1,1
2004,93,1,1,2
2009,85,1,1,3
2022,70,1,1,2
2014,90,5,1,1
2018,132,1,1,2
2002,90,1,1,1
2021,100,1,1,3
2010,50,1,1,2
2018,119,2,1,2
2015,115,1,1,2
2013,85,1,1,2
2001,92,1,1,2
2007,78,1,1,2
2011,90,8,6,3
2013,95,1,1,2
2017,87,2,1,3
2018,67,2,3,1
2013,86,1,1,1
2012,84,1,1,2
2021,50,1,1,2
2010,142,1,1,2
2007,90,1,1,2
2011,104,1,1,2
2001,90,2,1,1
2003,90,1,1,2
2017,90,1,1,4
2012,89,1,1,1
2015,90,1,1,2
2009,92,1,1,1
2015,94,2,1,1
2011,98,1,1,3
2021,83,2,1,1
2012,45,1,1,3
2007,93,1,1,1
2005,105,1,1,3
2006,63,8,6,3
2009,112,1,1,3
2000,82,1,1,1
2016,114,1,1,2
2019,96,4,1,1
2007,97,3,1,1
2010,80,5,1,2
2020,71,6,1,1
2003,80,2,1,3
2014,73,1,1,1
2013,90,1,1,1
2017,85,1,1,1
2020,79,1,1,3
2009,97,1,2,2
2018,115,1,1,2
2015,63,1,2,4
2015,91,1,1,2
2008,159,1,1,1
2014,70,1,1,3
2022,115,1,1,2
2016,87,1,1,1
2012,104,1,1,3
2018,100,1,1,2
2002,92,2,1,2
2014,85,2,1,2
2009,91,2,1,1
2018,89,2,1,1
2011,80,1,1,3
2003,96,1,7,2
2009,87,1,1,3
2016,85,1,1,3
2012,80,1,1,2
2012,86,1,1,1
2003,90,1,1,3
2014,77,1,1,0
2015,98,4,1,4
2018,95,1,1,1
2010,97,2,1,2
2007,100,1,1,3
2021,67,1,1,2
2011,93,2,1,1
2015,90,2,1,4
2018,90,1,1,3
2016,89,1,1,2
2011,85,4,1,1
2004,90,5,1,1
2016,95,1,1,3
2003,113,1,2,2
2009,90,1,2,2
2003,95,2,1,1
2014,115,1,1,3
2016,97,1,1,3
2006,94,1,1,2
2011,105,5,1,1
2011,92,4,2,1
2005,90,1,2,1
2016,90,1,3,2
2008,116,2,1,1
2008,81,2,1,1
2007,89,4,1,2
2002,105,5,1,1
2005,95,8,8,2
2007,98,1,1,3
2016,116,1,1,3
2005,90,1,1,2
2022,96,1,1,4
2018,86,1,3,2
2010,89,2,1,2
2019,140,1,1,2
2010,159,1,1,2
2020,101,2,2,3
2013,90,1,2,3
2016,109,1,1,2
2017,48,1,1,3
2020,87,1,1,3
2015,78,1,1,1
2015,92,1,1,4
2013,83,1,1,3
2020,90,1,1,3
2008,90,2,1,2
2016,91,4,1,1
2016,105,1,1,3
2010,75,2,1,1
2013,105,2,2,3
2004,79,1,1,2
2005,105,1,1,3
2015,82,1,1,2
2000,103,1,2,3
2021,91,1,1,1
2007,85,1,1,3
2012,89,2,1,2
2012,132,3,1,3
2017,97,1,1,2
2011,90,2,1,2
2016,60,1,1,3
2007,88,3,1,2
2011,98,1,1,2
2005,96,1,1,2
2007,1,1,1,2
2018,95,1,1,3
2018,97,2,1,1
2020,97,1,1,1
2011,81,1,1,3
2019,76,2,2,1
2019,90,3,2,3
2005,85,1,1,1
2021,97,1,1,2
2020,71,1,1,2
2005,81,1,1,2
2019,87,1,3,1
2013,86,1,1,2
2002,95,3,1,3
2015,87,1,1,3
2010,75,1,1,1
2013,101,1,1,2
2007,140,1,1,3
2020,82,1,1,2
2015,99,1,1,3
2010,71,2,2,2
2005,117,2,1,1
2019,89,1,1,2
2008,117,1,1,2
2010,147,1,1,3
2007,101,1,1,2
2012,75,1,1,3
2006,95,1,1,2
2017,75,3,1,1
2009,100,1,1,2
2010,51,1,1,3
2017,60,1,1,2
2020,83,1,1,3
2004,109,1,4,1
2017,90,1,27,3
2014,113,1,1,2
2014,45,4,1,1
2021,88,1,1,2
2009,77,1,1,2
2018,80,2,1,2
2014,82,2,1,2
2011,88,1,1,1
2009,101,1,1,1
2021,70,1,1,4
2016,67,3,1,1
2014,77,1,4,2
2006,72,2,1,1
2019,80,1,2,3
2018,89,1,1,1
2010,87,1,1,1
2017,72,1,1,2
2005,109,1,1,1
2020,70,2,1,1
2010,88,1,1,2
2017,93,1,1,3
2013,98,1,1,1
2009,156,1,1,2
2009,100,1,1,2
2013,102,1,1,3
2019,107,1,2,3
2000,87,1,1,2
2013,96,2,1,3
2012,91,1,1,3
2016,112,1,1,2
2016,91,1,2,2
2016,132,2,1,3
2007,95,3,2,2
2015,103,1,2,2
2015,88,1,2,2
2020,110,1,1,1
2014,111,1,1,2
2012,87,10,5,2
2018,98,1,1,2
2021,50,1,1,4
2017,102,1,1,2
2003,97,2,1,2
2008,83,1,1,1
2016,85,1,1,4
2019,130,2,1,2
2018,93,2,1,2
2018,80,2,1,3
2009,90,1,1,1
2001,84,1,1,2
2022,55,1,2,4
2012,89,1,1,2
2008,95,3,1,2
2005,82,1,2,2
2016,91,1,1,3
2003,104,2,3,3
2020,77,2,2,2
2005,75,1,1,1
2021,45,1,1,4
2008,94,3,6,1
2006,107,2,1,3
2005,85,2,1,2
2016,130,1,1,3
2014,106,3,1,1
2014,93,1,1,3
2010,95,1,1,2
2011,105,2,1,1
2014,101,2,2,1
2016,95,19,2,2
2006,99,1,2,1
2007,91,1,1,2
2015,52,1,1,4
2005,114,1,1,1
2000,95,3,1,3
2006,85,1,1,2
2010,88,1,1,3
2013,80,2,3,2
2013,105,1,1,3
2019,74,1,1,3
2019,124,1,1,4
2015,56,3,1,2
2016,60,1,1,3
2015,80,1,1,2
2019,84,2,1,2
2017,91,1,1,1
2012,90,1,1,3
2013,74,1,1,1
2011,94,2,1,0
2012,103,1,1,2
2015,83,1,1,3
2018,105,1,1,1
2011,110,1,1,3
2009,96,1,1,2
2011,90,1,2,1
2012,123,1,1,3
2020,175,1,1,2
2003,117,1,2,3
2012,78,2,1,0
2017,94,1,1,1
2013,85,1,3,2
2016,47,1,1,4
2021,76,1,1,3
2005,106,4,1,2
2018,94,1,1,1
2005,84,1,1,1
2000,98,1,3,3
2006,52,1,1,4
2017,87,5,1,2
2010,110,1,1,1
2011,105,1,1,2
2007,81,1,2,1
2014,119,1,1,3
2012,80,2,1,3
2015,78,1,1,1
2001,80,1,1,2
2011,94,1,1,3
2014,111,1,1,3
2019,77,1,1,3
2011,119,1,2,2
2015,85,1,1,3
2011,95,1,1,3
2019,82,1,1,2
2008,80,1,2,1
2018,96,1,1,1
2013,90,1,1,1
2018,78,1,1,2
2015,110,1,2,2
2020,103,1,1,4
2012,75,1,1,3
2013,84,1,1,2
2012,81,1,1,3
2011,147,1,1,2
2009,69,1,1,3
2012,104,1,1,1
2001,95,2,6,1
2010,71,1,1,3
2018,80,2,2,2
2014,85,1,14,2
2005,90,1,1,3
2010,93,1,1,1
2007,170,1,1,3
2014,76,1,1,4
2012,97,1,1,1
2014,84,1,1,3
2013,88,1,1,1
2006,78,1,1,2
2004,93,1,1,2
2014,77,1,1,1
2012,79,7,27,3
2017,79,1,1,3
2014,78,1,1,2
2017,94,1,1,1
2004,97,1,1,1
2011,110,1,2,2
2007,94,1,1,1
2017,133,7,1,2
2014,98,1,1,2
2011,89,1,1,2
2011,80,1,1,2
2013,95,2,1,2
2009,100,1,1,1
2016,110,1,1,3
2020,92,1,1,4
2004,94,1,2,1
2011,104,1,2,3
2011,98,1,1,1
2016,80,1,1,3
2001,86,2,1,2
2010,130,1,1,2
2007,96,1,1,1
2017,91,1,1,2
2013,88,2,1,1
2011,90,6,2,2
2009,115,2,2,2
2010,80,1,1,1
2016,75,6,1,1
2007,81,1,1,1
2019,90,2,1,1
2009,92,1,1,3
2010,90,1,1,3
2017,94,1,1,2
2016,84,1,1,3
2018,81,2,1,1
2002,92,5,8,2
2010,90,1,1,2
2002,92,1,1,3
2015,90,1,1,3
2016,46,1,1,4
2016,70,1,1,2
2016,105,1,1,4
2017,91,1,1,2
2000,94,2,2,2
2004,92,1,1,2
2016,55,1,1,2
2000,273,3,1,1
2012,92,2,1,1
2008,100,1,1,1
2006,82,2,1,2
2018,110,1,1,1
2020,89,1,1,2
2013,96,1,1,2
2004,103,1,2,3
2002,84,1,1,2
2018,82,1,1,3
2013,93,1,1,2
2001,50,8,6,3
2005,88,1,1,1
2012,105,1,1,1
2016,83,1,3,3
2010,90,1,5,2
2020,105,1,1,4
2009,91,1,1,2
2017,105,4,2,2
2016,95,1,1,2
2014,90,2,3,3
2016,77,1,1,2
2015,100,1,1,3
2014,96,1,1,3
2012,90,3,2,1
2015,115,1,2,3
2010,83,1,1,3
2017,88,1,1,2
2019,60,1,1,2
2003,110,1,1,2
2014,78,2,1,2
2015,96,1,1,4
2015,90,4,1,1
2003,90,1,1,1
2011,126,1,1,3
2000,95,1,1,2
2015,110,1,1,3
2012,87,4,2,2
2012,80,1,1,3
2007,85,2,1,2
2005,87,1,1,1
2021,73,1,1,3
2011,80,1,1,3
2001,113,1,1,2
2014,53,1,1,3
2009,111,1,1,3
2001,94,5,1,2
2003,100,1,1,1
2012,99,1,1,3
2018,86,1,1,3
2009,90,1,1,2
2008,86,3,2,1
2016,100,1,16,3
2016,71,1,1,2
2017,105,2,1,3
2016,73,1,1,2
2020,71,1,1,1
2018,78,1,1,3
2020,80,3,2,3
2009,84,1,1,2
2011,90,1,1,1
2002,88,14,1,3
2015,105,1,1,3
2018,96,1,3,2
2021,86,1,1,2
2009,78,1,1,3
2014,100,2,1,2
2010,103,1,1,2
2003,100,1,1,2
2021,96,19,1,3
2018,101,1,1,4
2002,88,1,1,2
2011,92,2,2,1
2002,84,2,1,2
2008,92,1,1,3
2009,117,1,1,3
2021,78,1,1,1
2017,89,1,1,1
2017,99,1,1,2
2010,69,1,1,3
2020,45,1,1,3
2012,92,1,2,3
2017,90,1,1,2
2012,87,1,1,2
2021,86,1,1,2
2001,98,2,2,3
2019,72,2,3,1
2014,94,3,2,2
2014,100,1,1,2
2003,85,1,1,2
2010,118,2,1,2
2002,95,3,4,2
2010,103,1,1,2
2014,102,1,1,2
2009,95,1,1,1
2016,72,1,1,3
2012,106,1,1,1
2015,75,1,1,2
2014,105,1,1,2
2002,94,1,1,1
2002,105,1,1,2
2014,80,1,1,1
2005,82,1,2,1
2005,105,1,1,2
2011,88,1,1,1
2002,95,1,1,1
2019,80,8,1,2
2009,82,2,1,2
2003,88,1,1,1
2002,97,1,1,1
2008,98,5,2,2
2001,83,1,1,3
2009,76,2,1,1
2010,310,2,1,3
2005,88,2,1,2
2006,118,1,1,3
2003,96,1,1,1
2007,85,1,1,3
2012,80,2,1,2
2016,75,5,1,1
2007,90,1,1,3
2009,77,3,7,1
2015,131,1,1,3
2007,75,6,2,2
2003,89,1,2,2
2016,85,2,1,3
2014,97,1,1,1
2020,118,1,1,1
2012,90,1,1,4
2007,120,1,1,1
2014,62,3,1,3
2011,88,1,1,1
2015,82,1,1,3
2012,94,1,1,2
2012,111,7,1,4
2007,103,10,5,1
2016,90,1,1,2
2016,70,2,1,1
2010,61,1,1,1
2010,107,1,1,2
2013,95,3,1,4
2009,85,1,1,3
2014,92,1,1,2
2000,90,1,1,2
2017,90,1,1,1
2012,86,1,5,2
2004,82,1,1,1
2017,75,6,2,1
2018,105,1,1,2
2008,89,1,1,3
2010,90,2,1,1
2008,85,1,1,3
2018,96,1,1,3
2014,80,7,1,3
2012,49,2,2,4
2018,146,3,1,2
2013,64,1,1,1
2016,88,1,1,1
2013,58,2,1,3
2017,108,4,2,3
2015,80,1,1,2
2014,85,1,1,3
2006,113,1,6,2
2018,107,3,1,2
2006,85,10,5,2
2013,90,1,1,3
2020,70,1,1,1
2014,86,1,27,3
2014,89,1,2,3
2018,85,1,1,2
2013,91,1,1,3
2015,70,1,1,3
2001,96,1,1,2
2008,80,1,1,3
2004,98,1,1,2
2013,91,1,1,3
2012,63,1,1,2
2009,72,2,1,3
2012,94,2,1,2
2007,90,1,2,2
2016,66,1,1,1
2001,75,1,1,2
2011,90,1,1,1
2007,132,1,1,2
2011,75,1,1,2
2013,79,2,2,4
2017,108,3,1,3
2017,80,1,1,3
2009,85,1,1,2
2015,90,1,1,2
2009,91,1,1,2
2005,90,1,1,2
2018,101,1,1,1
2019,94,1,1,3
2001,81,1,1,1
2009,87,2,1,3
2012,87,1,27,2
2014,84,1,5,2
2006,91,1,2,1
2012,85,1,1,2
2012,90,1,1,4
2012,88,1,1,3
2017,62,1,1,3
2010,90,1,1,3
2001,86,2,2,2
2009,90,1,1,2
2015,100,1,1,3
2019,95,1,1,2
2011,75,4,3,1
2022,65,2,1,4
2021,91,2,1,1
2015,76,2,1,2
2003,95,1,1,2
2008,100,1,2,3
2001,77,3,6,2
2016,107,1,1,3
2015,93,1,1,2
2009,180,1,1,2
2019,79,1,1,2
2011,71,1,1,3
2003,91,2,1,2
2009,91,1,1,3
2011,98,1,1,3
2011,55,1,1,2
2009,76,1,1,2
2000,90,1,1,2
2017,121,1,1,3
2014,90,3,1,1
2015,85,1,1,3
2017,99,1,2,3
2000,100,3,4,2
2015,84,1,1,2
2009,70,3,1,3
2009,90,1,3,1
2017,83,1,1,3
2019,87,1,1,3
2008,97,1,1,2
2017,83,1,1,1
2003,92,2,1,1
2008,89,1,1,2
2006,100,7,1,4
2013,100,1,1,2
2016,97,1,1,3
2010,87,1,1,1
2016,87,1,1,2
2019,88,1,1,2
2013,89,2,2,2
2010,77,1,3,2
2011,118,2,1,2
2015,60,1,1,2
2016,110,1,1,1
2014,80,1,1,1
2015,70,1,1,1
2013,80,1,1,3
2013,110,1,1,3
2015,120,1,1,4
2018,64,1,1,1
2020,71,1,1,2
2010,75,9,1,0
2004,76,1,1,2
2009,90,1,1,2
2018,71,17,1,1
2018,87,1,1,3
2019,89,1,1,2
2009,90,1,1,3
2003,120,1,1,1
2016,87,1,1,1
2016,79,1,1,3
2006,75,1,1,0
2013,88,1,1,3
2011,82,2,1,3
2010,88,2,1,1
2015,85,3,1,3
2013,136,1,2,2
2015,62,1,1,4
2015,91,1,1,2
2017,56,1,1,1
2014,90,1,1,3
2009,87,1,1,3
2012,87,1,1,3
2016,63,2,1,2
2014,99,1,1,2
2018,81,1,1,2
2011,101,4,1,4
2015,104,2,1,3
2017,92,19,2,2
2013,85,1,1,3
2015,137,1,1,2
2013,102,19,1,4
2011,100,1,1,3
2022,160,2,1,4
2016,114,1,1,1
2017,89,1,1,3
2019,79,2,2,3
2004,82,1,1,2
2010,75,2,1,2
2017,87,1,1,3
2018,45,1,1,2
2016,56,2,1,4
2013,96,3,1,3
2011,90,1,1,3
2010,90,1,1,1
2009,91,1,1,2
2014,112,1,1,2
2014,103,1,1,3
2015,59,3,2,2
2015,90,1,1,4
2004,127,1,4,3
2009,90,3,1,1
2004,85,1,1,4
2012,100,1,1,3
2021,86,1,1,2
2016,90,1,1,2
2020,92,1,1,3
2016,80,1,1,3
2014,84,2,1,2
2019,122,1,1,3
2003,95,1,1,2
2011,63,3,4,3
2014,128,3,1,3
2016,94,1,1,2
2014,80,2,1,2
2020,99,19,1,2
2010,60,1,1,2
2010,95,1,2,2
2011,125,2,1,2
2021,56,1,1,2
2014,99,1,1,2
2016,53,3,2,2
2010,87,1,4,3
2013,90,2,2,2
2020,90,1,1,2
2009,88,1,1,2
2007,80,1,2,0
2018,90,1,1,2
2002,90,1,1,1
2000,90,1,2,2
2012,88,1,1,3
2016,78,1,1,3
2009,92,1,1,1
2018,86,2,1,2
2012,97,1,1,3
2010,81,1,1,4
2005,77,1,1,2
2014,55,1,1,3
2017,75,17,2,1
2000,90,1,1,2
2007,113,2,2,1
2019,53,1,1,4
2009,89,1,1,3
2010,70,1,1,3
2008,95,1,1,1
2016,94,4,1,2
2013,94,1,1,3
2014,90,2,1,1
2010,75,1,1,3
2020,72,1,1,4
2009,110,1,1,3
2017,115,1,1,4
2013,80,1,2,1
2005,98,10,5,1
2004,81,1,1,3
2015,98,1,1,0
2019,49,1,1,3
2006,83,1,1,2
2012,131,2,1,2
2020,79,1,1,4
2014,89,3,1,3
2008,110,1,1,2
2016,97,1,1,2
2010,90,2,1,2
2005,87,2,1,2
2007,100,1,1,3
2016,75,1,1,2
2011,90,1,1,4
2018,127,1,1,2
2012,90,1,1,2
2017,90,1,1,3
2013,109,4,1,1
2010,98,1,1,2
2016,113,1,1,2
2013,57,1,1,3
2011,95,2,1,3
2015,66,6,2,2
2011,82,1,1,3
2014,148,1,1,2
2016,95,2,1,2
2019,90,7,1,4
2021,96,1,1,2
2017,90,1,1,3
2012,86,1,1,1
2009,90,1,1,2
2021,84,1,1,2
2007,84,1,1,4
2013,95,4,1,2
2012,90,1,1,2
2015,82,3,1,2
2020,66,3,2,2
2015,86,1,1,3
2010,85,1,1,3
2009,77,1,1,2
2005,98,3,1,3
2017,110,1,1,1
2004,82,3,1,2
2000,86,1,1,3
2009,95,1,1,3
2019,127,1,1,2
2007,78,1,1,3
2014,80,1,1,3
2014,125,1,1,3
2019,93,1,1,4
2015,117,1,1,4
2021,50,1,1,4
2022,60,1,1,4
2018,86,1,1,1
2007,115,1,1,2
2015,87,1,1,3
2004,112,1,1,2
2017,106,1,1,2
2013,98,2,1,3
2006,114,2,1,1
2009,102,1,1,2
2014,70,1,1,2
2009,85,1,1,2
2017,90,1,1,1
2002,96,1,1,4
2012,100,1,1,1
2016,95,1,1,3
2015,126,1,1,3
2007,72,1,1,3
2014,70,11,1,2
2014,65,1,4,3
2012,105,1,1,2
2021,83,1,1,1
2013,81,1,1,1
2017,97,1,1,2
2019,46,1,1,1
2017,46,1,1,4
2000,87,1,1,2
2015,87,1,1,2
2015,60,1,1,1
2012,86,4,1,2
2005,90,8,1,2
2012,79,2,1,4
2014,98,1,1,3
2011,76,1,1,3
2020,62,1,1,3
2012,93,1,1,1
2010,71,1,1,3
2015,93,2,2,4
2011,90,3,1,3
2021,59,1,1,3
2001,106,1,1,3
2002,99,3,1,2
2013,88,1,1,3
2014,80,1,1,3
2014,110,1,1,2
2010,80,1,1,2
2012,99,1,1,2
2016,90,1,1,3
2009,97,2,1,2
2016,95,1,1,3
2016,82,1,1,2
2005,90,1,1,1
2013,120,2,1,3
2004,80,1,1,3
2000,83,1,1,3
2008,74,1,1,2
2004,94,4,3,3
2009,115,1,1,2
2012,135,1,1,1
2010,130,1,1,3
2000,86,2,2,3
2009,118,1,1,1
2012,47,1,1,1
2015,105,1,1,3
2008,65,1,1,1
2020,61,1,1,1
2008,94,2,1,1
2011,150,1,1,2
2011,91,1,1,2
2009,80,1,1,4
2017,75,2,1,3
2014,98,1,1,3
2009,90,4,3,1
2008,98,1,1,2
2007,86,4,1,1
2010,90,1,1,3
2011,70,1,1,3
2021,95,1,1,3
2003,88,1,1,1
2008,94,1,2,2
2021,136,2,2,4
2019,95,1,1,3
2012,103,1,1,1
2015,85,1,1,3
2012,78,1,1,2
2001,87,1,1,2
2016,108,1,1,1
2015,75,1,1,4
2016,83,1,1,3
2018,93,1,1,3
2015,134,7,6,3
2009,76,9,1,0
2004,101,1,1,2
2004,89,1,6,2
2010,87,14,3,2
2015,90,3,1,1
2005,90,1,1,3
2017,80,1,1,3
2006,150,1,1,3
2009,98,1,1,2
2017,75,1,1,3
2009,91,1,1,3
2005,103,1,1,1
2014,115,1,1,3
2012,83,1,1,1
2002,106,1,1,2
2016,81,1,1,1
2008,65,2,1,2
2008,92,2,1,2
2011,71,1,1,2
2002,111,1,1,2
2015,106,3,1,1
2002,101,1,1,2
2016,55,1,1,3
2010,92,1,1,1
2007,73,1,1,3
2012,122,3,1,2
2016,107,1,1,2
2006,71,1,1,3
2014,75,1,1,1
2017,130,1,1,3
2013,81,3,1,2
2011,72,2,1,1
2015,89,1,1,2
2003,90,2,1,1
2005,98,1,1,1
2016,105,1,1,3
2018,118,1,1,4
2012,56,1,1,3
2007,70,1,1,2
2019,90,5,1,1
2009,103,1,1,2
2013,60,1,1,4
2009,98,1,1,1
2000,97,1,1,2
2011,85,2,1,3
2000,102,1,1,2
2009,103,1,1,2
2015,86,1,1,2
2014,107,1,1,4
2019,90,1,1,1
2004,114,2,1,3
2004,94,1,1,2
2016,79,1,1,3
2010,89,1,1,3
2021,120,1,3,3
2009,81,1,1,2
2004,76,1,1,3
2010,85,1,1,2
2012,95,2,1,4
2009,85,1,1,3
2016,76,1,1,4
2008,88,1,1,1
2012,78,1,1,2
2012,129,2,1,2
2004,91,1,1,2
2019,50,2,1,2
2017,97,2,1,2
2013,106,1,1,4
2018,147,1,1,3
2012,107,1,1,3
2010,80,1,1,1
2014,94,1,1,1
2014,64,1,1,3
2013,90,1,1,2
2013,114,1,1,2
2015,99,1,1,3
2010,90,3,1,3
2013,90,1,1,2
2001,100,1,1,2
2020,70,1,1,1
2012,79,1,1,3
2012,92,1,1,3
2009,96,1,2,2
2011,82,1,1,2
2008,85,1,3,2
2006,78,1,1,2
2011,70,1,1,3
2005,119,2,1,3
2019,93,1,1,2
2014,81,2,1,1
2011,73,1,1,2
2008,108,1,1,3
2009,74,1,1,3
2018,85,1,1,2
2012,80,1,1,3
2010,98,1,1,1
2006,95,1,1,2
2006,116,1,1,3
2011,92,1,1,3
2001,90,1,1,2
2010,90,1,1,2
2019,86,1,1,2
2014,98,1,1,3
2022,63,1,1,4
2017,92,2,1,2
2007,80,2,3,2
2016,91,1,1,2
2016,52,1,1,4
2018,46,1,1,1
2016,93,1,1,4
2012,62,1,1,2
2010,120,2,1,2
2008,82,1,1,1
2002,83,1,1,2
2009,90,1,1,2
2010,85,1,1,2
2013,74,8,1,1
2008,81,1,1,2
2004,53,8,6,3
2001,60,1,1,4
2014,90,1,1,2
2020,51,1,1,4
2019,75,1,1,2
2014,97,1,1,4
2013,161,1,1,2
2007,91,1,1,2
2004,99,5,8,2
2020,149,2,2,3
2014,77,1,1,3
2006,74,1,1,2
2009,85,1,1,3
2020,69,1,1,3
2015,101,1,1,3
2015,80,1,1,2
2008,90,1,1,2
2003,116,1,1,2
2018,91,1,1,2
2004,92,1,1,3
2014,45,3,1,2
2013,99,1,2,3
2009,114,1,1,2
2003,80,1,1,2
2009,99,1,1,3
2017,77,1,1,2
2010,83,1,1,3
2021,120,1,1,3
2016,92,5,1,4
2007,99,1,1,2
2001,50,2,1,2
2005,110,6,2,3
2013,126,1,1,3
2012,89,1,1,2
2008,72,1,1,3
2010,87,1,1,1
2007,93,1,1,3
2015,90,1,1,3
2012,88,1,2,3
2014,89,1,1,3
2007,107,1,1,1
2017,95,2,2,1
2017,82,1,1,2
2005,90,2,1,3
2018,45,3,2,3
2015,62,4,2,3
2012,67,1,1,3
2016,74,2,1,3
2018,110,1,3,1
2016,58,2,1,3
2015,90,2,1,3
2010,50,1,2,4
2009,100,1,1,2
2014,75,1,1,3
2020,83,1,1,3
2017,74,2,1,4
2010,83,10,1,3
2015,94,1,2,2
2008,114,19,6,3
2016,148,1,2,3
2011,101,3,1,2
2011,45,1,1,2
2004,100,2,1,2
2010,105,19,6,3
2014,72,1,1,2
2006,84,2,1,3
2018,80,1,1,3
2010,114,1,1,2
2018,53,1,1,3
2014,166,1,1,3
2014,65,1,1,2
2014,70,1,1,4
2017,75,1,1,3
2010,102,1,1,2
2010,85,1,1,2
2015,48,2,1,3
2012,91,1,1,2
2015,81,1,1,4
2009,45,1,1,4
2007,96,3,1,4
2002,90,1,1,3
2017,48,1,1,4
2009,85,1,1,3
2011,98,1,1,2
2001,108,1,1,2
2010,100,1,1,1
2017,83,1,1,1
2016,96,1,1,4
2016,82,1,1,2
2014,86,1,1,2
2004,89,1,1,3
2008,70,6,1,2
2016,82,1,1,3
2007,90,1,1,2
2010,95,1,1,2
2011,89,1,1,1
2004,94,1,1,2
2017,63,1,1,2
2012,85,4,1,1
2008,90,1,1,1
2018,76,2,1,2
2016,78,1,1,4
2011,84,1,1,3
2004,98,1,1,2
2021,120,1,1,3
2012,86,1,1,3
2002,104,1,1,3
2009,103,1,1,2
2014,116,2,1,2
2011,75,2,1,3
2013,84,1,4,2
2009,128,1,1,2
2011,90,1,1,2
2014,100,1,1,3
2013,116,1,1,4
2021,107,1,1,2
2013,70,1,1,2
2012,99,1,1,3
2017,105,1,1,2
2012,80,1,1,2
2010,93,4,3,3
2016,83,1,1,4
2016,100,1,1,1
2012,88,1,1,3
2015,47,2,1,3
2020,85,2,1,3
2013,75,2,2,2
2019,48,1,1,3
2013,92,2,1,1
2015,90,1,1,4
2008,90,1,1,1
2012,94,2,2,2
2020,45,1,1,2
2013,110,1,1,3
2010,83,1,1,2
2012,126,1,1,3
2020,96,2,2,4
2015,91,1,1,3
2015,65,1,1,1
2021,82,2,1,4
2013,79,1,1,4
2012,87,2,1,3
2015,85,1,1,1
2021,77,1,1,1
2016,74,2,1,4
2015,122,1,1,2
2015,45,1,1,4
2011,103,1,1,4
2011,81,1,1,2
2009,85,1,1,3
2015,45,1,1,2
2020,118,1,1,3
2008,130,1,1,3
2012,89,2,1,3
2004,85,1,1,3
2015,80,1,1,1
2012,71,1,1,3
2001,126,1,1,2
2008,90,4,3,2
2001,90,3,2,2
2010,90,1,1,2
2008,47,1,1,3
2003,77,1,1,2
2007,87,2,1,3
2010,123,1,1,3
2017,95,1,1,3
2019,122,1,1,3
2010,101,1,1,2
2014,90,1,1,2
2002,98,1,1,2
2016,49,1,1,3
2017,70,2,2,3
2017,76,1,1,2
2018,76,3,2,1
2016,141,7,2,4
2008,84,1,1,1
2017,45,1,1,3
2013,80,1,1,3
2013,90,1,1,2
2007,120,1,1,3
2014,76,1,1,2
2010,54,1,1,2
2014,108,1,1,3
2013,87,2,1,3
2014,115,1,1,3
2011,90,1,1,2
2018,86,1,1,3
2014,77,1,1,2
2007,107,1,1,3
2013,62,1,1,2
2019,45,2,1,4
2004,84,1,1,3
2021,100,1,1,1
2002,83,2,4,2
2007,95,1,1,3
2013,75,1,1,3
2005,82,1,1,4
2003,87,1,1,1
2012,85,1,1,2
2019,85,1,1,1
2015,87,1,1,2
2019,100,1,1,2
2010,70,1,1,2
2016,94,1,1,3
2012,100,1,1,3
2014,95,1,1,2
2009,98,1,1,3
2020,73,1,1,3
2008,90,7,1,2
2010,100,1,1,2
2003,72,1,1,2
2010,120,5,1,1
2002,86,1,1,3
2022,92,1,1,1
2007,95,2,2,2
2013,90,2,2,2
2011,97,1,1,2
2019,112,2,1,3
2009,122,1,1,3
2002,93,1,1,2
2022,110,1,1,2
2010,115,1,2,2
2015,114,1,1,3
2021,73,1,1,3
2011,175,1,1,3
2013,95,1,1,2
2001,85,1,1,3
2011,95,1,1,1
2009,95,1,1,4
2005,117,2,1,2
2000,90,1,1,0
2008,119,1,2,2
2001,144,1,1,4
2005,108,1,1,3
2010,120,1,1,2
2017,91,1,1,3
2012,56,1,1,3
2013,69,1,1,2
2012,98,4,1,3
2017,133,5,1,3
2014,103,4,1,3
2015,83,1,1,2
2005,101,1,1,2
2012,90,1,2,3
2014,80,1,1,1
2004,92,1,1,2
2009,46,1,1,1
2003,87,1,1,2
2006,110,1,1,2
2016,91,1,1,2
2015,63,1,1,4
2012,90,1,1,2
2011,90,1,1,1
2004,83,2,1,4
2005,97,1,1,2
2017,96,1,1,2
2012,98,1,1,1
2017,91,1,1,4
2016,100,1,1,2
2006,100,1,1,2
2012,90,2,1,3
2008,102,1,1,2
2012,128,1,1,4
2009,89,1,1,1
2015,97,3,1,2
2006,100,1,1,2
2007,103,1,1,3
2020,52,5,5,4
2007,85,1,1,1
2013,101,1,1,1
2009,75,2,1,2
2010,46,2,1,2
2008,80,1,2,1
2019,47,1,1,2
2017,79,1,1,1
2018,97,1,1,2
2005,63,1,1,2
2008,107,1,1,2
2017,102,1,1,3
2021,139,1,1,3
2011,90,1,1,2
2012,108,1,1,4
2007,94,1,1,3
2016,119,1,1,3
2014,95,1,1,1
2012,140,1,1,3
2007,90,2,1,3
2010,115,1,1,3
2003,83,1,1,3
2007,108,1,1,3
2011,120,5,2,3
2010,88,2,1,3
2020,85,1,1,2
2013,71,1,1,2
2009,84,1,1,2
2013,76,2,1,2
2018,90,19,1,4
2011,80,1,1,2
2010,90,2,1,2
2005,88,2,1,3
2010,90,2,1,2
2017,93,1,1,2
2003,85,1,1,2
2014,94,1,1,3
2003,143,1,1,3
2013,118,1,1,2
2005,75,1,1,3
2008,61,2,2,3
2013,60,1,1,3
2014,7,1,1,3
2011,92,1,1,2
2011,114,19,2,2
2005,81,2,1,1
2008,84,1,1,1
2008,47,2,1,3
2003,52,2,1,4
2007,86,2,1,2
2009,87,1,1,2
2011,50,1,1,2
2007,84,1,1,2
2011,80,1,1,2
2015,88,1,1,3
2010,82,1,1,2
2015,60,1,1,1
2007,90,2,1,2
2007,51,1,1,3
2007,48,1,1,3
2017,120,1,1,3
2018,62,1,2,2
2002,85,1,1,2
2013,120,2,1,3
2008,99,1,1,2
2016,91,2,1,2
2006,92,1,1,2
2000,92,2,4,1
2012,60,1,1,3
2013,82,1,1,2
2015,104,1,1,1
2006,84,1,1,3
2011,92,1,1,1
2004,110,1,1,3
2015,91,1,1,3
2006,90,1,1,3
2014,96,7,6,2
2012,86,1,1,2
2013,76,1,1,3
2002,94,1,1,3
2013,100,1,3,3
2014,106,1,1,2
2012,110,1,1,3
2006,89,1,1,3
2013,90,2,1,2
2010,90,1,1,3
2017,112,7,1,4
2012,90,1,1,3
2020,120,1,1,3
2005,60,1,1,4
2000,108,1,1,3
2008,99,3,1,1
2008,97,1,1,4
2014,105,1,1,3
2011,120,1,1,3
2017,86,2,1,3
2012,114,2,1,2
2013,90,1,1,3
2007,104,4,1,1
2013,60,3,1,4
2013,45,1,1,2
2009,80,2,1,2
2018,97,1,1,2
2012,101,1,1,1
2005,60,1,1,2
2009,94,1,1,4
2011,90,1,1,4
2010,45,1,1,2
2010,90,1,1,3
2013,94,1,1,2
2012,100,1,1,1
2001,74,2,1,3
2011,50,1,1,2
2008,85,1,1,3
2011,103,1,1,3
2014,86,1,1,2
2014,95,3,1,2
2007,120,1,1,3
2000,94,1,1,3
2013,118,1,1,2
2013,60,1,1,3
2007,90,2,1,2
2017,99,1,1,2
2019,90,3,2,3
2018,92,1,1,2
2013,95,1,1,3
2019,120,1,1,1
2008,87,1,1,3
2009,80,1,1,2
2016,88,1,1,2
2004,91,1,1,2
2015,92,1,1,2
2010,90,1,1,2
2015,72,1,1,1
2000,85,1,1,1
2010,83,1,1,4
2009,91,1,1,3
2017,100,1,1,3
2009,93,1,1,3
2014,92,1,1,2
2007,90,1,1,4
2003,96,1,1,3
2012,48,1,1,3
2010,86,1,1,3
2001,73,7,1,2
2015,72,1,1,2
2010,88,1,6,1
2016,98,1,1,1
2021,102,1,1,4
2011,85,1,2,2
2013,91,1,1,3
2020,99,1,1,2
2014,86,1,1,4
2013,95,1,1,3
2010,90,1,2,2
2010,100,1,1,2
2012,90,1,1,3
2020,135,2,1,4
2008,46,1,1,3
2013,121,1,1,4
2015,45,1,1,3
2012,94,1,1,4
2015,149,1,1,3
2018,88,1,1,1
2002,78,1,1,2
2011,130,1,1,2
2012,111,1,1,3
2008,67,1,1,2
2010,91,2,1,3
2004,100,1,1,2
2002,50,1,1,3
2011,135,2,1,2
2010,107,2,2,3
2003,98,1,1,3
2019,69,1,1,1
2014,90,2,2,2
2010,86,1,1,2
2019,45,1,1,3
2007,70,1,1,2
2007,132,1,1,2
2019,118,1,1,3
2019,64,4,3,3
2015,47,1,1,3
2008,97,1,1,3
2002,94,1,1,3
2016,110,4,1,2
2009,90,1,1,2
2019,70,1,1,2
2011,110,2,1,2
2009,106,1,1,2
2012,82,1,1,4
2019,106,1,1,4
2016,85,1,1,3
2005,109,1,1,3
2008,86,1,1,3
2005,90,2,1,1
2015,110,1,1,4
2001,81,1,1,2
2011,145,1,1,2
2001,70,1,1,3
2008,84,1,1,2
2017,59,1,1,3
2018,80,1,1,4
2012,69,1,1,3
2009,88,1,1,3
2004,83,1,1,3
2011,91,2,1,4
2013,101,1,1,3
2016,70,1,1,3
2011,84,5,1,2
2015,86,1,1,3
2016,87,1,1,3
2009,120,1,1,3
2010,95,3,1,3
2010,70,1,1,4
2011,100,1,1,3
2012,87,2,1,2
2009,85,2,1,1
2010,84,2,2,1
2008,150,19,6,3
2003,104,1,1,2
2014,90,1,1,2
2016,122,1,1,1
2015,75,7,4,3
2010,70,3,1,4
2011,88,1,1,3
2009,90,3,1,3
2013,96,1,1,4
2017,46,1,1,1
2012,91,1,1,3
2004,70,1,1,3
2011,120,5,2,3
2003,81,1,1,3
2022,61,2,1,3
2018,91,1,1,2
2014,72,1,1,3
2005,81,2,1,2
2011,62,1,1,3
2007,120,4,1,1
2010,84,1,1,3
2011,90,1,1,2
2020,87,2,2,4
2016,90,1,1,2
2012,90,1,1,3
2009,90,5,1,3
2013,73,1,1,3
2017,90,1,1,3
2011,77,1,1,2
2006,99,4,3,4
2009,77,1,1,2
2004,90,1,1,3
2010,65,2,1,1
2004,90,2,1,2
2013,87,2,1,3
2010,82,4,2,2
2013,77,1,1,4
2008,105,2,1,2
2003,96,1,1,1
2003,98,2,1,2
2003,109,1,1,3
2016,101,1,1,2
2010,83,4,1,2
2015,78,1,1,3
2018,46,1,1,3
2010,47,1,1,3
2007,84,1,1,2
2014,120,1,1,3
2012,90,1,1,3
2003,85,2,1,3
2013,45,1,1,3
2011,90,1,1,3
2012,92,1,1,3
2013,90,1,1,2
2015,72,2,1,3
2012,62,1,1,3
2014,108,1,2,2
2004,700,1,1,2
2017,70,1,1,3
2014,65,3,1,3
2014,89,3,1,2
2018,90,1,1,2
2009,70,2,1,3
2013,84,1,1,4
2010,92,1,1,1
2016,75,1,1,3
2015,80,4,1,1
2017,80,2,1,1
2010,143,5,5,3
2011,87,3,1,3
2009,102,1,1,3
2018,98,1,1,2
2010,71,1,1,4
2012,90,1,1,2
2011,77,1,1,3
2008,90,1,1,3
2011,98,1,1,2
2013,93,1,1,1
2011,83,1,1,3
2013,86,1,1,3
2012,74,1,1,4
2013,117,1,1,3
2012,114,1,1,4
2015,65,1,1,3
2007,98,1,1,3
2010,74,1,1,2
2005,92,1,1,1
2011,90,1,1,3
2011,96,1,1,3
2013,76,4,2,3
2010,104,1,1,4
2011,92,1,1,1
2009,93,1,1,3
2011,100,1,1,3
2008,87,1,1,2
2014,91,2,2,1
2012,78,1,1,3
2002,120,1,1,1
2017,84,1,1,3
2010,97,1,1,2
2015,85,1,1,4
2005,125,1,2,3
2012,45,1,4,3
2012,98,1,1,3
2022,68,2,1,4
2012,83,1,1,3
2008,87,1,1,4
2010,60,1,1,2
2001,90,1,1,2
2017,99,1,1,3
2011,85,3,1,3
2014,85,1,1,3
2013,87,1,1,3
2007,47,3,4,3
2001,60,2,2,3
2017,97,1,1,3
2015,90,1,1,3
2011,90,17,1,2
2013,104,1,1,3
2010,44,1,1,3
2013,80,1,1,2
2020,79,1,1,2
2012,75,1,1,2
2013,90,4,1,2
2012,90,1,1,2
2007,47,1,1,3
2014,83,1,1,3
2010,78,1,1,2
2014,91,2,1,4
2016,114,3,1,3
2021,83,4,1,4
2001,114,1,1,1
2012,49,1,1,3
2013,105,1,1,2
2011,77,4,2,3
2016,80,1,1,2
2014,80,2,1,4
2015,72,1,1,3
2015,111,1,1,3
2011,175,1,1,4
2015,83,1,1,3
2011,93,1,1,3
2012,110,1,1,2
2010,75,1,1,3
2002,73,1,1,3
2009,92,19,6,3
2016,90,7,1,1
2003,80,2,1,3
2016,101,1,1,4
2014,58,2,1,4
2010,105,1,1,3
2010,116,1,1,2
2012,90,1,1,3
2008,80,1,1,2
2002,50,1,1,2
2014,74,7,4,3
2011,1,2,1,3
2015,76,2,1,3
2011,72,1,1,3
2006,96,1,1,1
2017,105,1,1,3
2012,49,1,1,1
2015,55,1,1,2
2004,73,1,1,3
2008,45,1,1,3
2011,78,1,1,3
2015,82,1,1,3
2006,76,1,1,2
2013,45,1,1,3
2009,107,2,1,2
2004,52,1,1,2
2008,85,1,1,2
2014,90,1,1,2
2011,51,1,1,2
2019,118,2,1,1
2015,93,2,2,1
2004,60,1,1,3
2005,123,1,1,3
2017,90,1,1,3
2016,75,1,1,2
2012,126,1,1,4
2009,50,1,1,3
2013,80,1,1,3
2012,63,1,1,3
2016,78,1,1,2
2011,69,2,1,3
2005,90,1,1,3
2009,90,1,1,4
2014,100,1,1,3
2018,68,1,1,3
2015,77,2,2,4
2012,98,1,1,2
2008,117,1,1,2
2017,96,1,1,2
2015,84,1,1,4
2011,90,1,1,3
2002,100,1,1,3
2014,82,1,1,3
2008,86,1,1,3
2018,90,2,2,2
2013,90,1,1,4
2011,91,2,1,3
2011,60,1,1,2
2013,129,1,1,4
2012,70,7,2,3
2011,98,2,1,3
2009,90,1,1,2
2010,73,1,1,3
2010,105,1,1,2
2006,80,1,1,2
2015,82,1,1,2
2014,80,2,1,3
2017,92,1,1,0
2006,87,1,1,3
2012,111,2,1,3
2013,52,1,1,1
2022,183,1,1,1
2010,91,2,1,3
2009,81,1,1,1
2003,85,1,1,3
2007,108,1,1,2
2005,92,1,1,1
2002,100,1,1,2
2008,97,1,1,3
2015,93,1,1,3
2015,120,1,1,3
2003,46,1,1,3
2010,98,1,1,3
2009,80,1,2,2
2007,93,2,2,4
2012,65,6,2,1
2013,93,2,2,2
2013,75,1,1,3
2014,130,5,5,4
2005,120,1,1,3
2009,106,7,1,2
2014,85,1,2,2
2009,87,1,1,4
2012,117,7,1,2
2009,46,1,1,2
2002,91,1,1,2
2013,100,1,1,2
2009,98,1,1,3
2009,86,3,1,3
2010,93,1,1,3
2010,66,1,1,2
2009,75,1,1,3
2000,78,1,1,3
2013,74,1,1,1
2003,90,1,1,3
2011,120,5,1,3
2009,94,2,1,3
2007,107,2,1,3
2013,74,1,1,2
2012,94,2,1,3
2009,105,1,1,2
2015,102,2,1,2
2011,45,1,1,4
2017,81,1,1,3
2008,89,1,1,4
2010,119,7,1,2
2007,99,1,1,3
2008,86,1,1,3
2016,72,1,1,3
2015,90,1,1,4
2019,67,1,1,3
2014,55,7,4,4
2018,168,1,1,2
2009,89,1,1,2
2016,105,1,1,3
2010,76,1,1,3
2016,80,1,1,2
2017,105,1,1,3
2011,105,1,1,2
2009,98,1,1,1
2011,80,2,1,3
2009,46,1,1,2
2007,107,2,1,4
2015,80,1,1,3
2016,120,1,1,3
2011,70,1,1,3
2010,121,2,1,3
2016,60,1,1,2
2010,75,4,1,2
2015,105,2,2,3
2010,101,1,1,1
2008,95,1,1,2
2007,75,1,1,1
2008,91,1,1,2
2010,77,1,1,4
2007,100,1,1,2
2005,90,1,1,2
2004,84,1,1,3
2005,83,2,1,1
2009,82,1,1,2
2012,72,1,1,4
2008,180,1,1,4
2012,93,2,1,2
2014,83,1,1,3
2006,45,1,1,3
2007,75,1,1,3
2010,148,1,1,4
2002,84,4,1,2
2010,87,1,1,4
2001,102,1,1,2
2002,90,1,1,3
2013,90,1,1,3
2013,106,1,1,3
2009,63,1,1,2
2001,82,1,1,3
2013,95,5,5,3
2011,93,1,1,3
2009,107,2,1,3
2015,101,7,4,4
2006,90,1,2,3
2015,110,1,1,3
2010,91,1,1,2
2018,97,1,1,3
2004,77,1,1,3
2013,52,7,2,3
2013,106,1,1,3
2014,90,1,1,2
2011,120,5,1,3
2000,60,2,2,3
2011,70,1,1,1
2014,97,1,1,2
2013,96,1,1,4
2009,101,1,1,3
2005,88,1,1,3
2008,87,1,1,2
2010,101,1,1,3
2006,95,1,1,2
2013,45,1,1,3
2011,90,3,1,4
2008,65,5,5,3
2012,60,4,1,1
2003,91,1,1,2
2006,58,1,1,0
2000,52,1,1,2
2009,107,2,1,1
2012,90,1,1,3
2006,96,1,1,3
2010,51,1,1,1
2012,92,1,1,3
2010,70,1,1,3
2005,115,2,1,3
2014,89,5,1,2
2001,76,1,1,2
2007,120,2,1,1
2013,113,1,1,3
2008,66,1,1,3
2014,78,1,1,3
2014,114,4,2,3
2011,57,1,1,2
2011,83,1,1,3
2018,107,2,1,3
2014,97,2,1,2
2014,70,1,1,4
2011,82,1,1,2
2012,45,1,1,3
2006,67,1,1,3
2010,112,7,2,1
2010,112,7,1,2
2020,70,2,2,1
2002,65,1,1,2
2011,89,3,1,3
2011,56,1,1,3
2010,90,1,1,1
2010,50,1,1,3
2012,90,19,2,2
2013,67,2,2,4
2010,70,2,1,3
2006,86,1,1,2
2012,80,1,1,2
2006,54,1,1,1
2010,76,1,1,3
2014,96,1,1,3
2011,53,1,1,3
2012,120,1,1,1
2007,96,1,1,3
2011,120,5,1,3
2013,103,1,1,3
2017,74,1,1,0
2010,60,1,1,2
2011,101,1,1,3
2013,109,1,1,3
2006,73,1,1,3
2017,48,1,1,3
2017,80,1,1,2
2006,119,1,1,3
2011,86,1,1,3
2015,87,1,1,2
2018,45,4,3,3
2012,82,1,1,2
2016,85,2,1,3
2014,80,4,3,2
2016,120,1,1,2
2011,77,1,1,3
2009,53,1,1,3
2011,80,1,1,1
2020,60,1,1,3
2011,79,1,1,2
2014,82,1,1,2
2016,52,1,1,2
2015,51,2,1,3
2016,89,1,1,4
2003,69,1,1,3
2009,95,1,1,3
2012,72,1,1,2
2010,96,1,1,3
2018,83,1,1,2
2005,90,1,1,2
2011,62,1,1,3
2015,98,1,1,3
2018,84,1,1,3
2017,80,3,1,3
2009,90,1,1,2
2002,45,1,1,3
2008,100,2,1,3
2019,100,1,1,2
2011,60,1,1,2
2011,78,1,1,2
2009,1,1,1,4
2006,80,1,1,2
2007,60,1,1,2
2015,74,1,1,3
2009,105,3,2,4
2016,118,2,1,4
2000,90,1,1,2
2010,102,3,1,2
2010,121,1,1,3
2012,53,1,2,3
2007,94,1,1,3
2010,60,1,1,4
2001,85,1,1,2
2009,45,1,1,3
2015,69,3,1,3
2013,92,1,1,2
2017,67,1,1,3
2003,84,1,1,3
2011,86,1,1,3
2016,81,2,1,3
2004,90,2,2,2
2013,79,3,1,2
2011,55,1,1,4
2009,90,1,1,2
2001,76,1,1,3
2017,105,1,1,3
2011,63,1,1,3
2005,49,1,1,3
2014,112,1,1,3
2018,56,4,3,3
2003,56,1,1,3
2010,50,1,1,4
2013,97,2,1,4
2011,66,1,1,3
2015,45,4,3,2
2013,110,1,1,3
2001,93,1,1,2
2011,119,1,1,2
2018,46,1,1,2
2009,52,1,1,3
2014,90,4,1,2
2016,70,1,1,2
2009,80,1,1,2
2011,101,1,1,3
2005,104,1,2,2
2012,90,1,1,3
2016,62,1,1,1
2015,51,1,1,2
2010,109,3,1,3
2013,52,1,1,3
2011,53,7,1,4
2012,120,1,1,0
2010,100,1,1,1
2012,88,1,1,3
2015,145,1,1,4
2014,50,2,1,3
2010,70,2,1,3
2005,53,2,1,2
2005,83,1,1,3
2009,45,3,4,3
2012,63,2,2,2
2012,63,1,1,3
2010,90,2,1,1
2006,85,1,1,3
2016,80,1,1,1
2007,90,1,1,2
2012,60,1,1,2
2012,107,3,1,2
2013,79,1,1,4
2020,60,1,1,1
2016,65,1,1,3
2015,60,2,1,3
2009,87,1,1,3
2016,46,2,1,3
2016,51,1,1,3
2018,80,4,1,1
2010,140,2,1,2
2005,80,1,1,2
2015,58,1,1,3
2008,89,3,1,2
2017,120,2,1,3
2012,60,1,1,3
2002,142,2,1,2
2017,102,1,1,2
2008,71,1,1,3
2005,80,1,1,4
2015,70,1,1,2
2010,68,1,1,2
2007,91,1,1,2
2000,80,2,1,2
2010,63,2,1,3
2011,90,2,1,4
2001,105,1,1,2
